Id,ActivityDay,Calories,minutes_instances,SedentaryMinutes,LightActiveMinutes,ModeratelyActiveMinutes,VeryActiveMinutes,Steps,TotalMinutesAsleep,HalfDream,MinutesInBed,SleepsInstances
1503960366,2016-04-12,1985,1440,1074,254,64,48,13158,327.0,13.0,6.0,1.0
1503960366,2016-04-13,1798,1440,1183,160,53,44,10735,384.0,11.0,12.0,2.0
1503960366,2016-04-14,1777,1440,1218,125,44,53,10460,0.0,0.0,0.0,0.0
1503960366,2016-04-15,1745,1440,1168,185,53,34,9685,412.0,22.0,8.0,1.0
1503960366,2016-04-16,1864,1440,1173,156,49,62,12669,372.0,20.0,8.0,3.0
1503960366,2016-04-17,1728,1440,1218,142,36,44,9705,668.0,11.0,0.0,1.0
1503960366,2016-04-18,1922,1440,1149,179,46,66,13019,0.0,0.0,0.0,0.0
1503960366,2016-04-19,2036,1440,1095,202,73,70,15506,304.0,16.0,0.0,1.0
1503960366,2016-04-20,1787,1440,1195,146,55,44,10544,360.0,14.0,3.0,1.0
1503960366,2016-04-21,1776,1440,1202,146,47,45,9819,325.0,36.0,3.0,1.0
1503960366,2016-04-22,1828,1440,1217,106,41,76,12764,0.0,0.0,0.0,0.0
1503960366,2016-04-23,1949,1440,1116,189,65,70,14371,361.0,22.0,1.0,1.0
1503960366,2016-04-24,1789,1440,1158,206,29,47,10039,430.0,19.0,0.0,1.0
1503960366,2016-04-25,2013,1440,1137,166,49,88,15355,277.0,40.0,6.0,1.0
1503960366,2016-04-26,1971,1440,1107,203,75,55,13755,245.0,26.0,3.0,1.0
1503960366,2016-04-27,2159,1440,1108,176,46,110,18125,0.0,0.0,0.0,0.0
1503960366,2016-04-28,1899,1440,1175,141,53,71,13091,366.0,26.0,1.0,1.0
1503960366,2016-04-29,1838,1440,1169,166,58,47,11181,341.0,13.0,0.0,1.0
1503960366,2016-04-30,1948,1440,1137,158,75,70,14673,404.0,20.0,1.0,1.0
1503960366,2016-05-01,1831,1440,1126,227,53,34,10602,369.0,22.0,5.0,1.0
1503960366,2016-05-02,2018,1440,1107,197,67,69,14710,277.0,26.0,6.0,1.0
1503960366,2016-05-03,1991,1440,1112,188,72,68,15103,273.0,20.0,3.0,1.0
1503960366,2016-05-04,1820,1440,1179,162,46,53,11100,0.0,0.0,0.0,0.0
1503960366,2016-05-05,1960,1440,1121,188,61,70,14047,247.0,16.0,1.0,1.0
1503960366,2016-05-06,1897,1440,1121,215,55,49,12159,334.0,31.0,2.0,1.0
1503960366,2016-05-07,1822,1440,1182,140,70,48,11992,331.0,16.0,2.0,1.0
1503960366,2016-05-08,1741,1440,1185,174,37,44,10060,594.0,16.0,1.0,1.0
1503960366,2016-05-09,1820,1440,1177,160,49,54,12022,338.0,4.0,0.0,1.0
1503960366,2016-05-10,1860,1440,1149,179,58,54,12207,383.0,19.0,1.0,1.0
1503960366,2016-05-11,1723,1260,962,192,53,53,11890,285.0,21.0,0.0,1.0
1624580081,2016-04-12,1432,1440,1294,130,14,2,8163,0.0,0.0,0.0,0.0
1624580081,2016-04-13,1412,1440,1292,141,6,1,7007,0.0,0.0,0.0,0.0
1624580081,2016-04-14,1572,1440,1204,213,16,7,9107,0.0,0.0,0.0,0.0
1624580081,2016-04-15,1344,1440,1344,86,8,2,1490,0.0,0.0,0.0,0.0
1624580081,2016-04-16,1464,1440,1264,156,18,2,5370,0.0,0.0,0.0,0.0
1624580081,2016-04-17,1554,1440,1276,110,35,19,6150,0.0,0.0,0.0,0.0
1624580081,2016-04-18,1604,1440,1214,189,19,18,10536,0.0,0.0,0.0,0.0
1624580081,2016-04-19,1435,1440,1299,116,19,6,2916,0.0,0.0,0.0,0.0
1624580081,2016-04-20,1446,1440,1289,128,20,3,4974,0.0,0.0,0.0,0.0
1624580081,2016-04-21,1467,1440,1254,175,10,1,6349,0.0,0.0,0.0,0.0
1624580081,2016-04-22,1471,1440,1241,191,7,1,4002,0.0,0.0,0.0,0.0
1624580081,2016-04-23,1563,1440,1213,193,32,2,8538,0.0,0.0,0.0,0.0
1624580081,2016-04-24,1617,1440,1221,164,36,19,6076,0.0,0.0,0.0,0.0
1624580081,2016-04-25,1492,1440,1238,188,14,0,6487,0.0,0.0,0.0,0.0
1624580081,2016-04-26,1402,1440,1300,129,11,0,2826,0.0,0.0,0.0,0.0
1624580081,2016-04-27,1670,1440,1233,123,52,32,8367,0.0,0.0,0.0,0.0
1624580081,2016-04-28,1402,1440,1320,98,17,5,2759,0.0,0.0,0.0,0.0
1624580081,2016-04-29,1404,1440,1290,144,6,0,2390,0.0,0.0,0.0,0.0
1624580081,2016-04-30,1656,1440,1182,205,37,16,6474,0.0,0.0,0.0,0.0
1624580081,2016-05-01,2691,1440,1020,160,74,186,36019,0.0,0.0,0.0,0.0
1624580081,2016-05-02,1497,1440,1261,153,19,7,7155,0.0,0.0,0.0,0.0
1624580081,2016-05-03,1334,1440,1344,86,10,0,2100,0.0,0.0,0.0,0.0
1624580081,2016-05-04,1369,1440,1322,103,15,0,2193,0.0,0.0,0.0,0.0
1624580081,2016-05-05,1371,1440,1323,101,15,1,2470,0.0,0.0,0.0,0.0
1624580081,2016-05-06,1341,1440,1338,94,8,0,1727,0.0,0.0,0.0,0.0
1624580081,2016-05-07,1474,1440,1258,161,16,5,2104,0.0,0.0,0.0,0.0
1624580081,2016-05-08,1427,1440,1288,136,16,0,3427,0.0,0.0,0.0,0.0
1624580081,2016-05-09,1329,1440,1349,85,6,0,1732,0.0,0.0,0.0,0.0
1624580081,2016-05-10,1393,1440,1301,131,8,0,2969,0.0,0.0,0.0,0.0
1624580081,2016-05-11,1359,1440,1328,104,8,0,3134,0.0,0.0,0.0,0.0
1624580081,2016-05-12,958,960,861,80,19,0,2739,0.0,0.0,0.0,0.0
1644430081,2016-04-12,3200,1440,1131,197,103,9,10694,0.0,0.0,0.0,0.0
1644430081,2016-04-13,2903,1440,1259,104,37,40,8001,0.0,0.0,0.0,0.0
1644430081,2016-04-14,3227,1440,1125,189,112,14,11037,0.0,0.0,0.0,0.0
1644430081,2016-04-15,2750,1440,1263,126,35,16,5263,0.0,0.0,0.0,0.0
1644430081,2016-04-16,3494,1440,1135,151,84,70,15223,0.0,0.0,0.0,0.0
1644430081,2016-04-17,3011,1440,1212,153,35,40,8757,0.0,0.0,0.0,0.0
1644430081,2016-04-18,2807,1440,1271,90,59,20,7132,0.0,0.0,0.0,0.0
1644430081,2016-04-19,3254,1440,1123,190,113,14,11231,0.0,0.0,0.0,0.0
1644430081,2016-04-20,2430,1440,1315,102,18,5,2436,0.0,0.0,0.0,0.0
1644430081,2016-04-21,2141,1440,1402,29,6,3,1223,0.0,0.0,0.0,0.0
1644430081,2016-04-22,2344,1440,1354,53,21,12,3673,0.0,0.0,0.0,0.0
1644430081,2016-04-23,2677,1440,1265,104,59,12,6637,0.0,0.0,0.0,0.0
1644430081,2016-04-24,2414,1440,1351,60,16,13,3321,0.0,0.0,0.0,0.0
1644430081,2016-04-25,2497,1440,1337,68,23,12,3580,0.0,0.0,0.0,0.0
1644430081,2016-04-26,3123,1440,1165,170,79,26,9919,0.0,0.0,0.0,0.0
1644430081,2016-04-27,2490,1440,1322,92,20,6,3032,0.0,0.0,0.0,0.0
1644430081,2016-04-28,3109,1440,1157,178,96,9,9405,0.0,0.0,0.0,0.0
1644430081,2016-04-29,2498,1440,1320,93,22,5,3176,119.0,8.0,0.0,1.0
1644430081,2016-04-30,3846,1440,958,283,179,20,18213,124.0,15.0,3.0,1.0
1644430081,2016-05-01,2696,1440,1267,106,57,10,6132,194.0,36.0,129.0,1.0
1644430081,2016-05-02,2536,1440,1307,100,22,11,3728,602.0,0.0,0.0,1.0
1644430081,2016-05-03,3321,1440,1118,165,143,14,12789,0.0,0.0,0.0,0.0
1644430081,2016-05-04,2223,1440,1388,29,17,6,2309,0.0,0.0,0.0,0.0
1644430081,2016-05-05,2464,1440,1341,56,29,14,4363,0.0,0.0,0.0,0.0
1644430081,2016-05-06,3384,1440,1042,303,62,33,9758,0.0,0.0,0.0,0.0
1644430081,2016-05-07,3404,1440,1138,176,66,60,13372,0.0,0.0,0.0,0.0
1644430081,2016-05-08,2988,1440,1145,234,51,10,6724,137.0,14.0,3.0,1.0
1644430081,2016-05-09,3008,1440,1099,279,23,39,6643,0.0,0.0,0.0,0.0
1644430081,2016-05-10,2800,1440,1254,82,82,22,9167,0.0,0.0,0.0,0.0
1644430081,2016-05-11,1179,720,680,31,6,3,989,0.0,0.0,0.0,0.0
1844505072,2016-04-12,2031,1440,1101,300,38,1,6697,0.0,0.0,0.0,0.0
1844505072,2016-04-13,1860,1440,1192,222,26,0,4929,0.0,0.0,0.0,0.0
1844505072,2016-04-14,2131,1440,1067,337,34,2,7905,0.0,172.0,52.0,1.0
1844505072,2016-04-15,1726,1440,1264,150,21,5,3844,644.0,57.0,36.0,1.0
1844505072,2016-04-16,1658,1440,1293,121,26,0,3414,0.0,0.0,0.0,0.0
1844505072,2016-04-17,1794,1440,1231,177,29,3,4525,0.0,0.0,0.0,0.0
1844505072,2016-04-18,1814,1440,1211,205,24,0,4597,0.0,0.0,0.0,0.0
1844505072,2016-04-19,1366,1440,1430,9,1,0,197,0.0,0.0,0.0,0.0
1844505072,2016-04-20,1349,1440,1439,1,0,0,8,0.0,0.0,0.0,0.0
1844505072,2016-04-21,2063,1440,1117,263,56,4,8054,0.0,0.0,0.0,0.0
1844505072,2016-04-22,1828,1440,1220,176,42,2,5372,0.0,0.0,0.0,0.0
1844505072,2016-04-23,1645,1440,1301,109,30,0,3570,0.0,0.0,0.0,0.0
1844505072,2016-04-24,1347,1440,1440,0,0,0,0,0.0,0.0,0.0,0.0
1844505072,2016-04-25,1347,1440,1440,0,0,0,0,0.0,0.0,0.0,0.0
1844505072,2016-04-26,1347,1440,1440,0,0,0,0,0.0,0.0,0.0,0.0
1844505072,2016-04-27,1349,1440,1439,1,0,0,4,0.0,0.0,0.0,0.0
1844505072,2016-04-28,1992,1440,1138,257,40,5,6899,0.0,0.0,0.0,0.0
1844505072,2016-04-29,1856,1440,1193,219,28,0,4920,0.0,83.0,28.0,1.0
1844505072,2016-04-30,1763,1440,1256,155,27,2,4014,722.0,206.0,110.0,2.0
1844505072,2016-05-01,1542,1440,1358,54,26,2,2573,590.0,106.0,77.0,1.0
1844505072,2016-05-02,1348,1440,1440,0,0,0,0,0.0,0.0,0.0,0.0
1844505072,2016-05-03,1743,1440,1256,159,25,0,4059,0.0,0.0,0.0,0.0
1844505072,2016-05-04,1550,1440,1353,71,15,1,2080,0.0,0.0,0.0,0.0
1844505072,2016-05-05,1590,1440,1320,108,12,0,2237,0.0,0.0,0.0,0.0
1844505072,2016-05-06,1351,1440,1438,2,0,0,44,0.0,0.0,0.0,0.0
1844505072,2016-05-07,1348,1440,1440,0,0,0,0,0.0,0.0,0.0,0.0
1844505072,2016-05-08,1348,1440,1440,0,0,0,0,0.0,0.0,0.0,0.0
1844505072,2016-05-09,1347,1440,1440,0,0,0,0,0.0,0.0,0.0,0.0
1844505072,2016-05-10,1347,1440,1440,0,0,0,0,0.0,0.0,0.0,0.0
1844505072,2016-05-11,1347,1440,1440,0,0,0,0,0.0,0.0,0.0,0.0
1844505072,2016-05-12,618,660,660,0,0,0,0,0.0,0.0,0.0,0.0
1927972279,2016-04-12,2193,1440,1385,55,0,0,678,626.0,24.0,1.0,3.0
1927972279,2016-04-13,2151,1440,1408,31,1,0,356,398.0,17.0,7.0,1.0
1927972279,2016-04-14,2383,1440,1343,80,17,0,2163,47.0,4.0,0.0,1.0
1927972279,2016-04-15,2222,1440,1389,46,5,0,980,428.0,20.0,0.0,2.0
1927972279,2016-04-16,2063,1440,1440,0,0,0,0,0.0,0.0,0.0,0.0
1927972279,2016-04-17,2063,1440,1440,0,0,0,0,0.0,0.0,0.0,0.0
1927972279,2016-04-18,2111,1440,1423,17,0,0,244,0.0,0.0,0.0,0.0
1927972279,2016-04-19,2063,1440,1440,0,0,0,0,0.0,0.0,0.0,0.0
1927972279,2016-04-20,2063,1440,1440,0,0,0,0,0.0,0.0,0.0,0.0
1927972279,2016-04-21,2064,1440,1440,0,0,0,0,0.0,0.0,0.0,0.0
1927972279,2016-04-22,2093,1440,1430,9,1,0,149,0.0,0.0,0.0,0.0
1927972279,2016-04-23,2499,1440,1295,126,19,0,2945,0.0,0.0,0.0,0.0
1927972279,2016-04-24,2325,1440,1358,68,12,2,2090,0.0,0.0,0.0,0.0
1927972279,2016-04-25,2099,1440,1428,11,1,0,152,115.0,10.0,0.0,1.0
1927972279,2016-04-26,2638,1440,1248,169,23,0,3761,181.0,9.0,0.0,1.0
1927972279,2016-04-27,2063,1440,1440,0,0,0,0,0.0,0.0,0.0,0.0
1927972279,2016-04-28,2351,1440,1345,84,11,0,1675,166.0,12.0,0.0,1.0
1927972279,2016-04-29,2063,1440,1440,0,0,0,0,0.0,0.0,0.0,0.0
1927972279,2016-04-30,2063,1440,1440,0,0,0,0,0.0,0.0,0.0,0.0
1927972279,2016-05-01,2412,1440,1355,66,5,14,2704,0.0,0.0,0.0,0.0
1927972279,2016-05-02,2505,1440,1322,84,18,16,3790,0.0,0.0,0.0,0.0
1927972279,2016-05-03,2196,1440,1413,16,1,10,1326,0.0,0.0,0.0,0.0
1927972279,2016-05-04,2339,1440,1353,76,11,0,1786,0.0,0.0,0.0,0.0
1927972279,2016-05-05,2063,1440,1440,0,0,0,0,0.0,0.0,0.0,0.0
1927972279,2016-05-06,2383,1440,1332,94,14,0,2091,0.0,0.0,0.0,0.0
1927972279,2016-05-07,2230,1440,1392,34,13,1,1510,0.0,0.0,0.0,0.0
1927972279,2016-05-08,2063,1440,1440,0,0,0,0,0.0,0.0,0.0,0.0
1927972279,2016-05-09,2063,1440,1440,0,0,0,0,0.0,0.0,0.0,0.0
1927972279,2016-05-10,2063,1440,1440,0,0,0,0,0.0,0.0,0.0,0.0
1927972279,2016-05-11,2063,1440,1440,0,0,0,0,0.0,0.0,0.0,0.0
1927972279,2016-05-12,1375,960,960,0,0,0,0,0.0,0.0,0.0,0.0
2022484408,2016-04-12,2390,1440,1156,153,89,42,11875,0.0,0.0,0.0,0.0
2022484408,2016-04-13,2602,1440,1098,179,112,51,12024,0.0,0.0,0.0,0.0
2022484408,2016-04-14,2313,1440,1147,182,74,37,10690,0.0,0.0,0.0,0.0
2022484408,2016-04-15,2526,1440,1120,174,110,36,11034,0.0,0.0,0.0,0.0
2022484408,2016-04-16,2178,1440,1237,93,69,41,10100,0.0,0.0,0.0,0.0
2022484408,2016-04-17,2782,1440,1049,170,193,28,15112,0.0,0.0,0.0,0.0
2022484408,2016-04-18,2771,1440,1073,181,129,57,14131,0.0,0.0,0.0,0.0
2022484408,2016-04-19,2488,1440,1149,149,105,37,11548,0.0,0.0,0.0,0.0
2022484408,2016-04-20,2897,1440,1049,163,178,50,15112,0.0,0.0,0.0,0.0
2022484408,2016-04-21,3159,1440,1027,158,143,112,12453,0.0,0.0,0.0,0.0
2022484408,2016-04-22,2639,1440,1098,186,100,56,12954,0.0,0.0,0.0,0.0
2022484408,2016-04-23,2069,1440,1191,203,45,1,6001,0.0,0.0,0.0,0.0
2022484408,2016-04-24,2530,1440,1160,115,124,41,13481,0.0,0.0,0.0,0.0
2022484408,2016-04-25,2470,1440,1170,136,85,49,11369,0.0,0.0,0.0,0.0
2022484408,2016-04-26,2793,1440,1080,149,156,55,10119,0.0,0.0,0.0,0.0
2022484408,2016-04-27,2463,1440,1112,154,152,22,10159,0.0,0.0,0.0,0.0
2022484408,2016-04-28,2296,1440,1123,231,80,6,10140,0.0,0.0,0.0,0.0
2022484408,2016-04-29,2611,1440,1086,155,171,28,10245,0.0,0.0,0.0,0.0
2022484408,2016-04-30,2732,1440,1043,178,194,25,18387,0.0,0.0,0.0,0.0
2022484408,2016-05-01,2380,1440,1141,157,116,26,10538,0.0,0.0,0.0,0.0
2022484408,2016-05-02,2474,1440,1116,171,112,41,10379,0.0,0.0,0.0,0.0
2022484408,2016-05-03,2752,1440,1101,159,106,74,12183,0.0,0.0,0.0,0.0
2022484408,2016-05-04,2650,1440,1095,147,158,40,11768,0.0,0.0,0.0,0.0
2022484408,2016-05-05,2609,1440,1112,168,104,56,11895,0.0,0.0,0.0,0.0
2022484408,2016-05-06,2499,1440,1096,192,128,24,10227,0.0,0.0,0.0,0.0
2022484408,2016-05-07,1996,1440,1269,100,50,21,6708,0.0,0.0,0.0,0.0
2022484408,2016-05-08,1847,1440,1305,85,48,2,3292,0.0,0.0,0.0,0.0
2022484408,2016-05-09,2709,1440,1058,194,138,50,13379,0.0,0.0,0.0,0.0
2022484408,2016-05-10,2797,1440,1082,161,137,60,12798,0.0,0.0,0.0,0.0
2022484408,2016-05-11,2545,1440,1131,136,114,59,13272,0.0,0.0,0.0,0.0
2022484408,2016-05-12,1623,900,677,108,90,25,7674,0.0,0.0,0.0,0.0
2026352035,2016-04-12,1460,1440,1248,159,29,4,4414,504.0,33.0,5.0,2.0
2026352035,2016-04-13,1522,1440,1202,199,33,6,4993,511.0,24.0,4.0,2.0
2026352035,2016-04-14,1431,1440,1243,184,13,0,3305,560.0,25.0,5.0,2.0
2026352035,2016-04-15,1445,1440,1252,163,22,3,3821,517.0,41.0,7.0,2.0
2026352035,2016-04-16,1374,1440,1290,136,14,0,2547,500.0,57.0,5.0,2.0
2026352035,2016-04-17,1215,1440,1380,59,1,0,838,309.0,18.0,0.0,1.0
2026352035,2016-04-18,1419,1440,1258,159,23,0,3325,169.0,23.0,4.0,1.0
2026352035,2016-04-19,1356,1440,1299,133,8,0,2424,469.0,41.0,4.0,2.0
2026352035,2016-04-20,1667,1440,1113,274,48,5,7222,443.0,47.0,0.0,2.0
2026352035,2016-04-21,1371,1440,1287,145,8,0,2467,510.0,28.0,0.0,2.0
2026352035,2016-04-22,1399,1440,1278,146,12,4,2915,534.0,26.0,6.0,2.0
2026352035,2016-04-23,1916,1440,1008,331,68,33,12357,513.0,33.0,4.0,2.0
2026352035,2016-04-24,1401,1440,1276,137,27,0,3490,549.0,18.0,5.0,2.0
2026352035,2016-04-25,1577,1440,1180,208,45,7,6017,352.0,7.0,0.0,1.0
2026352035,2016-04-26,1595,1440,1152,253,29,6,5933,113.0,21.0,0.0,1.0
2026352035,2016-04-27,1593,1440,1154,238,47,1,6088,532.0,31.0,5.0,2.0
2026352035,2016-04-28,1650,1440,1109,289,41,1,6375,462.0,17.0,4.0,2.0
2026352035,2016-04-29,1693,1440,1088,297,54,1,7604,557.0,34.0,5.0,2.0
2026352035,2016-04-30,1506,1440,1207,205,25,3,4729,592.0,17.0,4.0,2.0
2026352035,2016-05-01,1448,1440,1249,174,12,5,3609,503.0,26.0,4.0,2.0
2026352035,2016-05-02,1690,1440,1085,297,56,2,7018,363.0,6.0,0.0,1.0
2026352035,2016-05-03,1604,1440,1136,271,32,1,5992,143.0,11.0,1.0,1.0
2026352035,2016-05-04,1658,1440,1095,308,35,2,6564,541.0,23.0,0.0,2.0
2026352035,2016-05-05,1927,1440,965,377,94,4,12167,464.0,21.0,1.0,2.0
2026352035,2016-05-06,1737,1440,1057,322,60,1,8198,534.0,11.0,1.0,2.0
2026352035,2016-05-07,1491,1440,1211,208,21,0,4193,521.0,21.0,3.0,2.0
2026352035,2016-05-08,1555,1440,1182,223,29,6,5528,546.0,24.0,2.0,2.0
2026352035,2016-05-09,1866,1440,1039,273,124,4,10652,478.0,14.0,4.0,2.0
2026352035,2016-05-10,1141,1440,1423,17,0,0,254,389.0,30.0,2.0,2.0
2026352035,2016-05-11,1699,1440,1110,252,75,3,8580,512.0,25.0,4.0,2.0
2026352035,2016-05-12,1296,960,640,244,74,2,8449,321.0,9.0,0.0,1.0
2320127002,2016-04-12,2124,1440,1112,246,52,30,10725,0.0,0.0,0.0,0.0
2320127002,2016-04-13,2004,1440,1105,302,33,0,7275,0.0,0.0,0.0,0.0
2320127002,2016-04-14,1696,1440,1249,169,22,0,3973,0.0,0.0,0.0,0.0
2320127002,2016-04-15,1802,1440,1195,214,31,0,5205,0.0,0.0,0.0,0.0
2320127002,2016-04-16,1724,1440,1245,158,36,1,5044,0.0,0.0,0.0,0.0
2320127002,2016-04-17,1853,1440,1191,205,41,3,6198,0.0,0.0,0.0,0.0
2320127002,2016-04-18,1905,1440,1173,216,50,1,6538,0.0,0.0,0.0,0.0
2320127002,2016-04-19,1812,1440,1201,190,49,0,5997,0.0,0.0,0.0,0.0
2320127002,2016-04-20,1923,1440,1146,244,47,3,7162,0.0,0.0,0.0,0.0
2320127002,2016-04-21,1611,1440,1302,113,24,1,3404,0.0,0.0,0.0,0.0
2320127002,2016-04-22,1852,1440,1174,234,31,1,5583,0.0,0.0,0.0,0.0
2320127002,2016-04-23,1804,1440,1198,218,24,0,5079,61.0,4.0,4.0,1.0
2320127002,2016-04-24,1725,1440,1236,186,18,0,4159,0.0,0.0,0.0,0.0
2320127002,2016-04-25,1654,1440,1280,144,13,3,3588,0.0,0.0,0.0,0.0
2320127002,2016-04-26,1633,1440,1293,127,15,5,3409,0.0,0.0,0.0,0.0
2320127002,2016-04-27,1481,1440,1358,72,10,0,1715,0.0,0.0,0.0,0.0
2320127002,2016-04-28,1473,1440,1364,66,10,0,1532,0.0,0.0,0.0,0.0
2320127002,2016-04-29,1411,1440,1395,41,4,0,924,0.0,0.0,0.0,0.0
2320127002,2016-04-30,1779,1440,1206,217,16,1,4558,0.0,0.0,0.0,0.0
2320127002,2016-05-01,1404,1440,1400,36,4,0,772,0.0,0.0,0.0,0.0
2320127002,2016-05-02,1613,1440,1306,105,24,5,3634,0.0,0.0,0.0,0.0
2320127002,2016-05-03,1879,1440,1204,184,30,22,7443,0.0,0.0,0.0,0.0
2320127002,2016-05-04,1427,1440,1388,45,7,0,1201,0.0,0.0,0.0,0.0
2320127002,2016-05-05,1781,1440,1206,206,28,0,5202,0.0,0.0,0.0,0.0
2320127002,2016-05-06,1743,1440,1236,173,27,4,4878,0.0,0.0,0.0,0.0
2320127002,2016-05-07,1973,1440,1121,278,34,7,7379,0.0,0.0,0.0,0.0
2320127002,2016-05-08,1822,1440,1193,224,21,2,5153,0.0,0.0,0.0,0.0
2320127002,2016-05-09,1630,1440,1295,123,22,0,3090,0.0,0.0,0.0,0.0
2320127002,2016-05-10,1899,1440,1150,255,32,3,6227,0.0,0.0,0.0,0.0
2320127002,2016-05-11,1904,1440,1140,261,39,0,6424,0.0,0.0,0.0,0.0
2320127002,2016-05-12,1064,900,776,112,12,0,2564,0.0,0.0,0.0,0.0
2347167796,2016-04-12,2344,1440,1079,210,113,38,10113,107.0,6.0,2.0,1.0
2347167796,2016-04-13,2039,1440,1194,153,72,21,10352,441.0,75.0,2.0,2.0
2347167796,2016-04-14,2011,1440,1185,154,99,2,10129,450.0,27.0,3.0,2.0
2347167796,2016-04-15,2133,1440,1131,187,117,5,10465,366.0,42.0,3.0,1.0
2347167796,2016-04-16,2671,1440,1034,169,168,69,22244,62.0,4.0,0.0,1.0
2347167796,2016-04-17,1883,1440,1183,219,35,3,5472,627.0,43.0,5.0,2.0
2347167796,2016-04-18,1945,1440,1207,158,57,18,8247,460.0,63.0,6.0,2.0
2347167796,2016-04-19,2346,1440,1051,227,155,7,6711,372.0,28.0,3.0,1.0
2347167796,2016-04-20,2198,1440,1117,206,98,19,10999,98.0,8.0,0.0,1.0
2347167796,2016-04-21,2049,1440,1183,167,62,28,10080,400.0,18.0,4.0,2.0
2347167796,2016-04-22,1946,1440,1198,177,56,9,7804,367.0,47.0,3.0,1.0
2347167796,2016-04-23,2629,1440,1013,218,170,39,16901,407.0,15.0,0.0,2.0
2347167796,2016-04-24,2187,1440,1080,256,101,3,9471,482.0,14.0,0.0,2.0
2347167796,2016-04-25,2095,1440,1137,215,73,15,9482,433.0,48.0,3.0,2.0
2347167796,2016-04-26,1861,1440,1213,170,57,0,5980,431.0,46.0,3.0,2.0
2347167796,2016-04-27,2194,1440,1110,223,81,26,11423,432.0,49.0,6.0,2.0
2347167796,2016-04-28,1855,1440,1211,184,44,1,5439,414.0,32.0,1.0,2.0
2347167796,2016-04-29,345,360,358,2,0,0,25,353.0,57.0,2.0,1.0
2873212765,2016-04-12,1982,1440,1061,288,84,7,8796,0.0,0.0,0.0,0.0
2873212765,2016-04-13,2004,1440,1028,345,58,9,7618,0.0,0.0,0.0,0.0
2873212765,2016-04-14,1893,1440,1109,258,55,18,7910,0.0,0.0,0.0,0.0
2873212765,2016-04-15,2064,1440,992,373,67,8,8482,0.0,0.0,0.0,0.0
2873212765,2016-04-16,2149,1440,1087,267,28,58,9677,0.0,0.0,0.0,0.0
2873212765,2016-04-17,1530,1440,1272,150,18,0,2524,0.0,0.0,0.0,0.0
2873212765,2016-04-18,1890,1440,1122,242,67,9,7762,0.0,0.0,0.0,0.0
2873212765,2016-04-19,1957,1440,1051,324,57,8,7948,0.0,0.0,0.0,0.0
2873212765,2016-04-20,2103,1440,1035,312,64,29,9202,0.0,0.0,0.0,0.0
2873212765,2016-04-21,1970,1440,1057,304,63,16,8859,0.0,0.0,0.0,0.0
2873212765,2016-04-22,1950,1440,1051,317,65,7,7286,0.0,0.0,0.0,0.0
2873212765,2016-04-23,2021,1440,1077,294,28,41,9317,0.0,0.0,0.0,0.0
2873212765,2016-04-24,1898,1440,1203,177,14,46,6873,0.0,0.0,0.0,0.0
2873212765,2016-04-25,1907,1440,1081,300,46,13,7373,0.0,0.0,0.0,0.0
2873212765,2016-04-26,1883,1440,1124,241,60,15,8242,0.0,0.0,0.0,0.0
2873212765,2016-04-27,1967,1440,1197,166,15,62,3516,0.0,0.0,0.0,0.0
2873212765,2016-04-28,1836,1440,1192,181,26,41,7913,0.0,0.0,0.0,0.0
2873212765,2016-04-29,1780,1440,1191,182,42,25,7365,0.0,0.0,0.0,0.0
2873212765,2016-04-30,1831,1440,1167,190,65,18,8452,0.0,0.0,0.0,0.0
2873212765,2016-05-01,1740,1440,1219,152,46,23,7399,0.0,0.0,0.0,0.0
2873212765,2016-05-02,1879,1440,1099,273,64,4,7525,0.0,0.0,0.0,0.0
2873212765,2016-05-03,1906,1440,1070,310,55,5,7412,0.0,0.0,0.0,0.0
2873212765,2016-05-04,2015,1440,1020,362,42,16,8278,0.0,0.0,0.0,0.0
2873212765,2016-05-05,1971,1440,1093,261,58,28,8314,0.0,0.0,0.0,0.0
2873212765,2016-05-06,1911,1440,1065,308,61,6,7063,0.0,0.0,0.0,0.0
2873212765,2016-05-07,1898,1440,1302,51,12,75,4940,0.0,0.0,0.0,0.0
2873212765,2016-05-08,2097,1440,1068,310,16,46,8168,0.0,0.0,0.0,0.0
2873212765,2016-05-09,1907,1440,1095,276,58,11,7726,0.0,0.0,0.0,0.0
2873212765,2016-05-10,1962,1440,1067,288,77,8,8275,0.0,0.0,0.0,0.0
2873212765,2016-05-11,1818,1440,1121,272,41,6,6440,0.0,0.0,0.0,0.0
2873212765,2016-05-12,1394,960,701,188,48,23,7475,0.0,0.0,0.0,0.0
3372868164,2016-04-12,1788,1440,1160,268,11,1,4747,0.0,0.0,0.0,0.0
3372868164,2016-04-13,2093,1440,1045,347,30,18,9715,0.0,0.0,0.0,0.0
3372868164,2016-04-14,2065,1440,1039,356,38,7,8844,0.0,0.0,0.0,0.0
3372868164,2016-04-15,1908,1440,1105,308,25,2,7451,0.0,0.0,0.0,0.0
3372868164,2016-04-16,1908,1440,1084,330,26,0,6905,0.0,0.0,0.0,0.0
3372868164,2016-04-17,1964,1440,1105,304,20,11,8199,0.0,0.0,0.0,0.0
3372868164,2016-04-18,2014,1440,1070,337,13,20,6798,0.0,0.0,0.0,0.0
3372868164,2016-04-19,1986,1440,1064,338,35,3,7711,0.0,0.0,0.0,0.0
3372868164,2016-04-20,1868,1440,1148,268,9,15,4880,0.0,0.0,0.0,0.0
3372868164,2016-04-21,2124,1440,1037,352,31,20,8857,0.0,0.0,0.0,0.0
3372868164,2016-04-22,1670,1440,1234,201,5,0,3843,0.0,0.0,0.0,0.0
3372868164,2016-04-23,1995,1440,1115,291,12,22,7396,0.0,0.0,0.0,0.0
3372868164,2016-04-24,1921,1440,1127,283,16,14,6731,0.0,0.0,0.0,0.0
3372868164,2016-04-25,2011,1440,1024,403,10,3,5995,0.0,0.0,0.0,0.0
3372868164,2016-04-26,2057,1440,1083,310,20,27,8283,0.0,0.0,0.0,0.0
3372868164,2016-04-27,2096,1440,1057,339,20,24,7904,0.0,0.0,0.0,0.0
3372868164,2016-04-28,1973,1440,1055,357,27,1,5512,0.0,0.0,0.0,0.0
3372868164,2016-04-29,2045,1440,1038,353,49,0,9135,0.0,0.0,0.0,0.0
3372868164,2016-04-30,1947,1440,1119,291,13,17,5250,0.0,0.0,0.0,0.0
3372868164,2016-05-01,1167,960,800,146,10,4,2901,0.0,0.0,0.0,0.0
3977333714,2016-04-12,1451,1440,1246,110,38,46,8856,274.0,182.0,13.0,1.0
3977333714,2016-04-13,1496,1440,1210,125,71,34,10035,295.0,155.0,6.0,2.0
3977333714,2016-04-14,1433,1440,1198,165,66,11,7641,291.0,101.0,5.0,1.0
3977333714,2016-04-15,1469,1440,1200,154,65,21,9010,424.0,130.0,2.0,1.0
3977333714,2016-04-16,1625,1440,1173,120,106,41,13459,283.0,227.0,0.0,1.0
3977333714,2016-04-17,1530,1440,1166,155,102,17,10415,381.0,181.0,4.0,1.0
3977333714,2016-04-18,1584,1440,1127,167,139,7,11663,412.0,107.0,3.0,2.0
3977333714,2016-04-19,1631,1440,1133,178,107,22,12257,219.0,172.0,4.0,1.0
3977333714,2016-04-20,1555,1440,1176,115,141,8,11658,152.0,172.0,7.0,3.0
3977333714,2016-04-21,1396,1440,1198,196,40,6,6072,332.0,150.0,4.0,1.0
3977333714,2016-04-22,1481,1440,1207,145,49,39,8911,355.0,120.0,1.0,1.0
3977333714,2016-04-23,1639,1440,1096,205,134,5,12058,235.0,136.0,1.0,1.0
3977333714,2016-04-24,1655,1440,1186,102,122,30,14112,310.0,214.0,2.0,1.0
3977333714,2016-04-25,1568,1440,1248,105,31,56,11168,262.0,201.0,4.0,1.0
3977333714,2016-04-26,1552,1440,1168,137,127,8,11388,250.0,119.0,2.0,1.0
3977333714,2016-04-27,1377,1440,1254,110,66,10,7193,349.0,186.0,5.0,1.0
3977333714,2016-04-28,1408,1440,1227,153,38,22,7114,261.0,155.0,7.0,1.0
3977333714,2016-04-29,1545,1440,1222,126,46,46,10645,333.0,145.0,0.0,1.0
3977333714,2016-04-30,1650,1440,1151,159,81,49,13238,284.0,176.0,4.0,2.0
3977333714,2016-05-01,1502,1440,1235,103,54,48,10414,336.0,202.0,6.0,1.0
3977333714,2016-05-02,1761,1440,1097,147,169,27,16520,230.0,146.0,8.0,1.0
3977333714,2016-05-03,1710,1440,1094,209,87,50,14335,292.0,200.0,8.0,1.0
3977333714,2016-05-04,1620,1440,1188,102,134,16,13373,213.0,120.0,3.0,1.0
3977333714,2016-05-05,1618,1440,1160,145,121,14,12312,318.0,160.0,2.0,1.0
3977333714,2016-05-06,1589,1440,1188,141,79,32,11677,323.0,183.0,6.0,1.0
3977333714,2016-05-07,1575,1440,1146,166,125,3,11550,237.0,205.0,1.0,1.0
3977333714,2016-05-08,1634,1440,1144,135,147,14,13585,259.0,197.0,0.0,2.0
3977333714,2016-05-09,1658,1440,1159,111,153,17,14513,0.0,0.0,0.0,0.0
3977333714,2016-05-10,1630,1440,1128,159,151,2,13072,312.0,135.0,5.0,1.0
4020332650,2016-04-12,3648,1440,879,357,192,12,8489,356.0,21.0,1.0,1.0
4020332650,2016-04-13,1981,1440,1440,0,0,0,0,0.0,0.0,0.0,0.0
4020332650,2016-04-14,1996,1440,1437,2,1,0,38,0.0,0.0,0.0,0.0
4020332650,2016-04-15,2949,1440,1289,25,75,51,1873,0.0,0.0,0.0,0.0
4020332650,2016-04-16,3051,1440,1292,17,61,70,1969,77.0,0.0,0.0,1.0
4020332650,2016-04-17,1988,1440,1438,1,1,0,7,0.0,0.0,0.0,0.0
4020332650,2016-04-18,1995,1440,1438,0,0,2,62,0.0,0.0,0.0,0.0
4020332650,2016-04-19,1981,1440,1440,0,0,0,0,0.0,0.0,0.0,0.0
4020332650,2016-04-20,1981,1440,1440,0,0,0,0,0.0,0.0,0.0,0.0
4020332650,2016-04-21,1981,1440,1440,0,0,0,0,0.0,0.0,0.0,0.0
4020332650,2016-04-22,1981,1440,1440,0,0,0,0,0.0,0.0,0.0,0.0
4020332650,2016-04-23,1981,1440,1440,0,0,0,0,0.0,0.0,0.0,0.0
4020332650,2016-04-24,1981,1440,1440,0,0,0,0,0.0,0.0,0.0,0.0
4020332650,2016-04-25,1981,1440,1440,0,0,0,0,0.0,0.0,0.0,0.0
4020332650,2016-04-26,1981,1440,1440,0,0,0,0,0.0,0.0,0.0,0.0
4020332650,2016-04-27,1981,1440,1440,0,0,0,0,0.0,0.0,0.0,0.0
4020332650,2016-04-28,1981,1440,1440,0,0,0,0,0.0,0.0,0.0,0.0
4020332650,2016-04-29,1981,1440,1440,0,0,0,0,0.0,0.0,0.0,0.0
4020332650,2016-04-30,1981,1440,1440,0,0,0,0,0.0,0.0,0.0,0.0
4020332650,2016-05-01,1981,1440,1440,0,0,0,0,0.0,0.0,0.0,0.0
4020332650,2016-05-02,2208,1440,1371,44,25,0,465,42.0,1.0,5.0,1.0
4020332650,2016-05-03,2825,1440,1202,156,79,3,4465,311.0,4.0,1.0,2.0
4020332650,2016-05-04,3872,1440,890,292,242,16,10194,447.0,27.0,30.0,1.0
4020332650,2016-05-05,3427,1440,1112,121,163,44,11713,226.0,18.0,4.0,1.0
4020332650,2016-05-06,2702,1440,1226,143,71,0,4357,385.0,17.0,6.0,1.0
4020332650,2016-05-07,2843,1440,1179,166,93,2,5005,0.0,0.0,0.0,0.0
4020332650,2016-05-08,3083,1440,1110,213,116,1,5812,364.0,20.0,18.0,1.0
4020332650,2016-05-09,2785,1440,1184,163,89,4,4556,29.0,1.0,4.0,1.0
4020332650,2016-05-10,2915,1440,1191,146,92,11,5474,413.0,33.0,14.0,1.0
4020332650,2016-05-11,2640,1440,1223,121,93,3,3663,0.0,0.0,0.0,0.0
4020332650,2016-05-12,1030,720,708,6,6,0,257,0.0,0.0,0.0,0.0
4057192912,2016-04-12,2274,1440,1276,115,38,11,5394,0.0,0.0,0.0,0.0
4057192912,2016-04-13,2290,1440,1280,103,42,15,5974,0.0,0.0,0.0,0.0
4057192912,2016-04-14,1776,1440,1440,0,0,0,0,0.0,0.0,0.0,0.0
4057192912,2016-04-15,1510,960,865,58,25,12,3937,0.0,0.0,0.0,0.0
4319703577,2016-04-12,1456,1440,1440,0,0,0,0,0.0,0.0,0.0,0.0
4319703577,2016-04-13,1749,1440,1321,87,24,8,3619,79.0,7.0,1.0,1.0
4319703577,2016-04-14,2299,1440,1091,262,76,11,10210,486.0,15.0,1.0,2.0
4319703577,2016-04-15,1981,1440,1212,184,35,9,5664,435.0,23.0,1.0,1.0
4319703577,2016-04-16,1881,1440,1246,154,39,1,4744,506.0,15.0,1.0,1.0
4319703577,2016-04-17,1462,1440,1437,3,0,0,29,56.0,10.0,8.0,1.0
4319703577,2016-04-18,1633,1440,1372,48,16,4,2229,513.0,28.0,7.0,2.0
4319703577,2016-04-19,2200,1440,1129,231,68,12,8925,493.0,20.0,12.0,3.0
4319703577,2016-04-20,2214,1440,1116,246,68,10,8915,437.0,8.0,0.0,1.0
4319703577,2016-04-21,1526,1440,1406,33,1,0,517,129.0,9.0,3.0,2.0
4319703577,2016-04-22,1887,1440,1244,162,32,2,4500,516.0,18.0,1.0,2.0
4319703577,2016-04-23,1945,1440,1207,202,30,1,4935,639.0,19.0,3.0,1.0
4319703577,2016-04-24,1881,1440,1243,173,22,2,4081,516.0,30.0,5.0,2.0
4319703577,2016-04-25,2314,1440,1042,326,67,5,9259,478.0,18.0,2.0,2.0
4319703577,2016-04-26,2236,1440,1123,224,79,14,9899,466.0,8.0,0.0,1.0
4319703577,2016-04-27,2324,1440,1087,249,86,18,10780,382.0,24.0,1.0,2.0
4319703577,2016-04-28,2368,1440,1060,291,70,19,10810,483.0,18.0,7.0,2.0
4319703577,2016-04-29,2176,1440,1127,249,54,10,7990,477.0,18.0,7.0,2.0
4319703577,2016-04-30,2092,1440,1200,151,80,9,8221,477.0,24.0,4.0,2.0
4319703577,2016-05-01,1594,1440,1373,58,9,0,1251,526.0,10.0,1.0,2.0
4319703577,2016-05-02,2265,1440,1085,280,63,12,9121,467.0,31.0,2.0,2.0
4319703577,2016-05-03,2236,1440,1119,234,74,13,9648,420.0,29.0,1.0,1.0
4319703577,2016-05-04,2283,1440,1106,229,88,17,10429,0.0,0.0,0.0,0.0
4319703577,2016-05-05,2530,1440,1051,274,72,43,13658,81.0,9.0,4.0,1.0
4319703577,2016-05-06,2264,1440,1109,256,54,21,9426,385.0,27.0,5.0,2.0
4319703577,2016-05-07,2158,1440,1130,237,70,3,7937,515.0,27.0,2.0,2.0
4319703577,2016-05-08,1792,1440,1287,125,28,0,3672,652.0,30.0,1.0,2.0
4319703577,2016-05-09,2345,1440,1050,297,84,9,10362,526.0,29.0,4.0,2.0
4319703577,2016-05-10,2261,1440,1096,261,72,11,9487,513.0,28.0,0.0,2.0
4319703577,2016-05-11,2232,1440,1108,255,63,14,9129,510.0,24.0,0.0,2.0
4319703577,2016-05-12,247,240,238,2,0,0,17,230.0,17.0,1.0,1.0
4388161847,2016-04-12,1878,1440,1440,0,0,0,0,0.0,0.0,0.0,0.0
4388161847,2016-04-13,2510,1440,1272,75,87,6,5938,0.0,0.0,0.0,0.0
4388161847,2016-04-14,2998,1440,1166,121,132,21,8863,208.0,14.0,9.0,1.0
4388161847,2016-04-15,3067,1440,1128,173,120,19,8758,298.0,4.0,2.0,2.0
4388161847,2016-04-16,3073,1440,1129,186,117,8,6580,540.0,20.0,3.0,3.0
4388161847,2016-04-17,2573,1440,1234,145,61,0,4660,498.0,18.0,1.0,2.0
4388161847,2016-04-18,3274,1440,1149,121,130,40,11009,138.0,7.0,4.0,2.0
4388161847,2016-04-19,3015,1440,1142,163,103,32,10181,433.0,14.0,4.0,2.0
4388161847,2016-04-20,3083,1440,1142,145,125,28,10553,430.0,25.0,0.0,2.0
4388161847,2016-04-21,3070,1440,1143,138,135,24,10055,290.0,6.0,0.0,1.0
4388161847,2016-04-22,3544,1440,1110,146,104,80,12139,164.0,6.0,3.0,2.0
4388161847,2016-04-23,3307,1440,1159,136,75,70,13236,396.0,16.0,1.0,1.0
4388161847,2016-04-24,2885,1440,1178,131,103,28,10243,552.0,36.0,7.0,3.0
4388161847,2016-04-25,3289,1440,1095,145,173,27,12961,33.0,10.0,0.0,1.0
4388161847,2016-04-26,2929,1440,1174,144,100,22,9461,464.0,42.0,0.0,2.0
4388161847,2016-04-27,3075,1440,1137,161,119,23,11193,423.0,26.0,6.0,2.0
4388161847,2016-04-28,2969,1440,1176,125,113,26,10074,288.0,12.0,0.0,1.0
4388161847,2016-04-29,2979,1440,1164,166,90,20,9232,0.0,0.0,0.0,0.0
4388161847,2016-04-30,3283,1440,1080,159,181,20,12533,507.0,39.0,0.0,3.0
4388161847,2016-05-01,2927,1440,1165,130,128,17,10255,556.0,24.0,13.0,2.0
4388161847,2016-05-02,3147,1440,1167,149,78,46,10096,262.0,2.0,0.0,2.0
4388161847,2016-05-03,3290,1440,1093,147,166,34,12727,111.0,3.0,0.0,1.0
4388161847,2016-05-04,3162,1440,1126,162,105,47,12375,467.0,27.0,7.0,2.0
4388161847,2016-05-05,2900,1440,1188,121,110,21,9603,283.0,9.0,2.0,1.0
4388161847,2016-05-06,3425,1440,1082,175,142,41,13175,0.0,0.0,0.0,0.0
4388161847,2016-05-07,4022,1440,992,171,155,122,22770,472.0,24.0,0.0,1.0
4388161847,2016-05-08,3935,1440,1097,124,111,108,17298,529.0,10.0,2.0,2.0
4388161847,2016-05-09,3013,1440,1151,143,129,17,10218,127.0,8.0,2.0,2.0
4388161847,2016-05-10,3061,1440,1137,157,120,26,10299,477.0,18.0,3.0,2.0
4388161847,2016-05-11,2954,1440,1157,150,114,19,10201,292.0,7.0,0.0,1.0
4388161847,2016-05-12,1554,900,797,64,34,5,3079,0.0,0.0,0.0,0.0
4445114986,2016-04-12,2114,1440,1244,185,11,0,3276,429.0,22.0,6.0,2.0
4445114986,2016-04-13,2095,1440,1246,187,7,0,2961,370.0,29.0,7.0,2.0
4445114986,2016-04-14,2194,1440,1209,215,16,0,3974,441.0,48.0,3.0,1.0
4445114986,2016-04-15,2496,1440,1090,302,43,5,7198,337.0,31.0,11.0,2.0
4445114986,2016-04-16,2181,1440,1215,210,15,0,3945,462.0,29.0,8.0,1.0
4445114986,2016-04-17,1932,1440,1326,102,12,0,2258,98.0,6.0,3.0,1.0
4445114986,2016-04-18,2248,1440,1247,150,18,25,6155,0.0,0.0,0.0,0.0
4445114986,2016-04-19,1954,1440,1319,109,12,0,2064,388.0,29.0,7.0,2.0
4445114986,2016-04-20,1974,1440,1303,130,7,0,2072,439.0,20.0,3.0,1.0
4445114986,2016-04-21,2147,1440,1225,198,17,0,3789,436.0,28.0,5.0,1.0
4445114986,2016-04-22,2432,1440,1123,267,48,2,6831,388.0,21.0,8.0,1.0
4445114986,2016-04-23,2149,1440,1239,168,31,2,4363,0.0,0.0,0.0,0.0
4445114986,2016-04-24,2247,1440,1196,209,35,0,5002,0.0,0.0,0.0,0.0
4445114986,2016-04-25,2071,1440,1261,164,15,0,3385,329.0,9.0,7.0,1.0
4445114986,2016-04-26,2291,1440,1230,173,8,29,6326,353.0,32.0,6.0,2.0
4445114986,2016-04-27,2362,1440,1213,177,18,32,7243,332.0,37.0,5.0,1.0
4445114986,2016-04-28,2204,1440,1204,215,21,0,4493,419.0,17.0,6.0,1.0
4445114986,2016-04-29,2194,1440,1214,199,27,0,4658,106.0,2.0,0.0,1.0
4445114986,2016-04-30,2364,1440,1150,253,37,0,6222,322.0,25.0,6.0,1.0
4445114986,2016-05-01,2247,1440,1200,203,36,1,5232,439.0,15.0,5.0,2.0
4445114986,2016-05-02,2336,1440,1209,182,22,27,6910,503.0,34.0,5.0,1.0
4445114986,2016-05-03,2421,1440,1175,221,14,30,7502,417.0,31.0,2.0,2.0
4445114986,2016-05-04,2071,1440,1260,170,10,0,2923,337.0,18.0,8.0,2.0
4445114986,2016-05-05,2121,1440,1247,173,18,2,3800,462.0,42.0,9.0,2.0
4445114986,2016-05-06,2211,1440,1211,204,22,3,4514,374.0,23.0,5.0,2.0
4445114986,2016-05-07,2124,1440,1302,98,14,26,5167,401.0,24.0,11.0,2.0
4445114986,2016-05-08,2423,1440,1124,263,53,0,7303,361.0,26.0,4.0,1.0
4445114986,2016-05-09,2282,1440,1174,229,35,2,5275,457.0,60.0,16.0,1.0
4445114986,2016-05-10,2182,1440,1209,213,17,1,3915,405.0,14.0,7.0,1.0
4445114986,2016-05-11,2500,1440,1152,209,44,35,9105,501.0,25.0,4.0,1.0
4445114986,2016-05-12,976,780,745,35,0,0,484,483.0,13.0,5.0,1.0
4558609924,2016-04-12,1910,1440,1122,306,12,0,5135,0.0,0.0,0.0,0.0
4558609924,2016-04-13,1723,1440,1287,106,28,19,4978,0.0,0.0,0.0,0.0
4558609924,2016-04-14,1923,1440,1161,224,55,0,6799,0.0,0.0,0.0,0.0
4558609924,2016-04-15,2122,1440,1128,220,69,23,7795,0.0,0.0,0.0,0.0
4558609924,2016-04-16,1991,1440,1112,291,29,8,7265,0.0,0.0,0.0,0.0
4558609924,2016-04-17,2118,1440,1109,240,84,7,9634,0.0,0.0,0.0,0.0
4558609924,2016-04-18,2116,1440,1079,300,46,15,8940,0.0,0.0,0.0,0.0
4558609924,2016-04-19,1876,1440,1182,221,36,1,5401,0.0,0.0,0.0,0.0
4558609924,2016-04-20,1789,1440,1218,190,32,0,4803,0.0,0.0,0.0,0.0
4558609924,2016-04-21,2487,1440,978,275,177,10,13743,126.0,6.0,5.0,1.0
4558609924,2016-04-22,2095,1440,1121,242,57,20,9601,0.0,0.0,0.0,0.0
4558609924,2016-04-23,2079,1440,1113,254,66,7,6890,0.0,0.0,0.0,0.0
4558609924,2016-04-24,2169,1440,1043,336,61,0,8553,0.0,0.0,0.0,0.0
4558609924,2016-04-25,2226,1440,1068,284,70,18,8095,68.0,10.0,1.0,1.0
4558609924,2016-04-26,2222,1440,1099,233,96,12,9148,35.0,5.0,2.0,1.0
4558609924,2016-04-27,2098,1440,1087,295,31,27,9557,0.0,0.0,0.0,0.0
4558609924,2016-04-28,2185,1440,1059,289,91,1,9451,69.0,6.0,1.0,1.0
4558609924,2016-04-29,1923,1440,1198,181,46,15,7833,102.0,1.0,0.0,1.0
4558609924,2016-04-30,2104,1440,1110,246,77,7,10310,0.0,0.0,0.0,0.0
4558609924,2016-05-01,1691,1440,1250,180,10,0,3428,115.0,10.0,4.0,1.0
4558609924,2016-05-02,2066,1440,1057,342,41,0,7891,0.0,0.0,0.0,0.0
4558609924,2016-05-03,1953,1440,1172,205,42,21,5267,0.0,0.0,0.0,0.0
4558609924,2016-05-04,1843,1440,1188,219,30,3,5232,0.0,0.0,0.0,0.0
4558609924,2016-05-05,2262,1440,1045,264,116,15,10611,0.0,0.0,0.0,0.0
4558609924,2016-05-06,1723,1440,1238,184,18,0,3755,0.0,0.0,0.0,0.0
4558609924,2016-05-07,1973,1440,1168,204,45,23,8237,46.0,6.0,0.0,1.0
4558609924,2016-05-08,2667,1440,1080,112,161,87,6543,77.0,5.0,0.0,1.0
4558609924,2016-05-09,2224,1440,1065,260,105,10,11451,0.0,0.0,0.0,0.0
4558609924,2016-05-10,1889,1440,1191,203,34,12,6435,0.0,0.0,0.0,0.0
4558609924,2016-05-11,2131,1440,1079,282,74,5,9108,0.0,0.0,0.0,0.0
4558609924,2016-05-12,1403,960,728,161,71,0,6020,0.0,0.0,0.0,0.0
4702921684,2016-04-12,2947,1440,1177,203,40,20,7213,442.0,16.0,0.0,2.0
4702921684,2016-04-13,2897,1440,1182,206,47,5,6877,376.0,26.0,3.0,3.0
4702921684,2016-04-14,2985,1440,1169,205,47,19,7860,365.0,31.0,0.0,2.0
4702921684,2016-04-15,2896,1440,1175,216,45,4,6506,230.0,1.0,0.0,1.0
4702921684,2016-04-16,3322,1440,1078,260,87,15,11134,498.0,22.0,2.0,3.0
4702921684,2016-04-17,3394,1440,1060,256,109,15,12692,592.0,28.0,3.0,2.0
4702921684,2016-04-18,3014,1440,1197,159,48,36,9105,288.0,19.0,0.0,2.0
4702921684,2016-04-19,2813,1440,1243,138,39,20,6708,466.0,20.0,0.0,2.0
4702921684,2016-04-20,3061,1440,1149,201,78,12,8793,416.0,15.0,0.0,2.0
4702921684,2016-04-21,2730,1440,1251,116,66,7,6530,342.0,8.0,0.0,1.0
4702921684,2016-04-22,2242,1440,1368,64,8,0,1664,27.0,0.0,0.0,1.0
4702921684,2016-04-23,3692,1440,957,326,147,10,15126,477.0,10.0,0.0,2.0
4702921684,2016-04-24,3539,1440,1049,226,147,18,15050,480.0,27.0,0.0,2.0
4702921684,2016-04-25,3060,1440,1149,203,73,15,9140,407.0,11.0,1.0,2.0
4702921684,2016-04-26,2784,1440,1215,165,53,7,6108,436.0,13.0,1.0,2.0
4702921684,2016-04-27,2902,1440,1185,196,56,3,6976,446.0,6.0,0.0,2.0
4702921684,2016-04-28,3034,1440,1185,169,59,27,9023,426.0,20.0,1.0,2.0
4702921684,2016-04-29,3165,1440,1142,204,68,26,9930,438.0,12.0,0.0,2.0
4702921684,2016-04-30,3116,1440,1137,190,107,6,10144,387.0,22.0,0.0,1.0
4702921684,2016-05-01,2017,1440,1440,0,0,0,0,0.0,0.0,0.0,0.0
4702921684,2016-05-02,2859,1440,1200,164,68,8,7245,66.0,2.0,1.0,1.0
4702921684,2016-05-03,3144,1440,1127,227,66,20,9454,351.0,40.0,7.0,2.0
4702921684,2016-05-04,3004,1440,1170,191,61,18,8161,390.0,19.0,3.0,2.0
4702921684,2016-05-05,3005,1440,1186,172,62,20,8614,426.0,12.0,3.0,2.0
4702921684,2016-05-06,2857,1440,1216,152,59,13,6910,654.0,43.0,7.0,2.0
4702921684,2016-05-07,3684,1440,950,355,125,10,14370,710.0,36.0,0.0,1.0
4702921684,2016-05-08,3287,1440,1114,165,152,9,12857,87.0,7.0,1.0,1.0
4702921684,2016-05-09,2991,1440,1175,183,67,15,8232,410.0,19.0,0.0,2.0
4702921684,2016-05-10,3173,1440,1140,192,84,24,10613,422.0,13.0,4.0,2.0
4702921684,2016-05-11,3070,1440,1154,191,81,14,9772,360.0,8.0,2.0,2.0
4702921684,2016-05-12,1222,660,592,43,14,11,2752,330.0,34.0,0.0,1.0
5553957443,2016-04-12,2026,1440,1131,222,58,29,11596,346.0,16.0,2.0,1.0
5553957443,2016-04-13,1718,1440,1214,204,21,1,4832,529.0,33.0,5.0,3.0
5553957443,2016-04-14,2324,1440,1082,194,93,71,17022,325.0,57.0,6.0,2.0
5553957443,2016-04-15,2254,1440,1105,176,91,68,16556,388.0,27.0,0.0,2.0
5553957443,2016-04-16,1831,1440,1152,270,18,0,5771,598.0,32.0,1.0,2.0
5553957443,2016-04-17,1398,1440,1394,45,1,0,655,398.0,52.0,1.0,2.0
5553957443,2016-04-18,1683,1440,1234,199,7,0,3727,585.0,25.0,2.0,3.0
5553957443,2016-04-19,2284,1440,1094,195,73,78,15482,292.0,38.0,8.0,2.0
5553957443,2016-04-20,1570,1440,1292,141,7,0,2713,665.0,25.0,4.0,2.0
5553957443,2016-04-21,2066,1440,1174,142,75,49,12346,349.0,18.0,5.0,2.0
5553957443,2016-04-22,2105,1440,1129,199,77,35,11670,317.0,30.0,1.0,1.0
5553957443,2016-04-23,1776,1440,1168,265,7,0,4110,631.0,80.0,14.0,2.0
5553957443,2016-04-24,1507,1440,1336,98,6,0,1807,661.0,85.0,8.0,3.0
5553957443,2016-04-25,2033,1440,1177,160,43,60,10946,415.0,27.0,3.0,2.0
5553957443,2016-04-26,2094,1440,1144,178,69,49,11886,353.0,41.0,0.0,2.0
5553957443,2016-04-27,1922,1440,1202,149,65,24,10538,410.0,44.0,2.0,2.0
5553957443,2016-04-28,2000,1440,1213,124,45,58,11393,446.0,39.0,0.0,2.0
5553957443,2016-04-29,2170,1440,1109,202,77,52,12764,356.0,33.0,10.0,2.0
5553957443,2016-04-30,1463,1440,1356,84,0,0,1202,778.0,62.0,10.0,3.0
5553957443,2016-05-01,1747,1440,1203,214,20,3,5164,684.0,57.0,26.0,3.0
5553957443,2016-05-02,1997,1440,1181,142,84,33,9769,417.0,39.0,1.0,2.0
5553957443,2016-05-03,2115,1440,1138,172,89,41,12821,282.0,42.0,2.0,1.0
5553957443,2016-05-04,1699,1440,1216,211,13,0,4249,536.0,25.0,4.0,2.0
5553957443,2016-05-05,2156,1440,1126,190,70,54,14331,392.0,37.0,5.0,2.0
5553957443,2016-05-06,1916,1440,1181,190,37,32,9632,385.0,28.0,7.0,2.0
5553957443,2016-05-07,1494,1440,1344,86,7,3,1868,416.0,25.0,1.0,2.0
5553957443,2016-05-08,1763,1440,1219,181,35,5,6083,673.0,36.0,5.0,2.0
5553957443,2016-05-09,2273,1440,1108,190,75,67,11611,397.0,34.0,10.0,2.0
5553957443,2016-05-10,2336,1440,1074,203,88,75,16315,348.0,11.0,8.0,1.0
5553957443,2016-05-11,1693,1440,1245,169,25,1,4926,585.0,31.0,1.0,2.0
5553957443,2016-05-12,715,600,538,32,18,12,3121,316.0,25.0,3.0,1.0
5577150313,2016-04-12,3405,1440,1151,130,67,92,8135,453.0,15.0,2.0,2.0
5577150313,2016-04-13,2552,1440,1266,97,57,20,5077,467.0,22.0,5.0,2.0
5577150313,2016-04-14,4098,1440,1044,134,121,141,8596,435.0,16.0,3.0,2.0
5577150313,2016-04-15,4004,1440,1036,126,150,128,12087,355.0,18.0,3.0,2.0
5577150313,2016-04-16,4272,1440,1023,95,124,198,14261,521.0,29.0,20.0,2.0
5577150313,2016-04-17,4552,1440,1021,107,93,219,12231,481.0,31.0,7.0,2.0
5577150313,2016-04-18,3624,1440,1082,147,76,135,9893,529.0,12.0,0.0,2.0
5577150313,2016-04-19,3501,1440,1126,126,67,121,12574,439.0,24.0,2.0,2.0
5577150313,2016-04-20,3192,1440,1184,106,52,98,8330,421.0,27.0,3.0,2.0
5577150313,2016-04-21,4019,1440,1036,119,156,129,10830,385.0,22.0,3.0,2.0
5577150313,2016-04-22,3284,1440,1111,139,113,77,8700,308.0,8.0,9.0,2.0
5577150313,2016-04-23,3151,1440,1132,131,119,58,7638,501.0,39.0,2.0,2.0
5577150313,2016-04-24,4392,1440,1006,92,121,221,15764,530.0,51.0,17.0,2.0
5577150313,2016-04-25,3375,1440,1066,170,142,62,6393,362.0,20.0,2.0,2.0
5577150313,2016-04-26,3089,1440,1147,122,117,54,5325,400.0,27.0,3.0,2.0
5577150313,2016-04-27,3294,1440,1123,141,91,85,6805,375.0,23.0,0.0,2.0
5577150313,2016-04-28,3581,1440,1126,83,119,112,9841,445.0,12.0,0.0,2.0
5577150313,2016-04-29,3545,1440,1110,112,111,107,7924,381.0,19.0,3.0,2.0
5577150313,2016-04-30,4501,1440,990,121,99,230,12363,380.0,21.0,3.0,2.0
5577150313,2016-05-01,4547,1440,971,94,164,211,13368,477.0,20.0,0.0,2.0
5577150313,2016-05-02,3014,1440,1139,168,87,46,7414,392.0,15.0,9.0,2.0
5577150313,2016-05-03,3795,1440,1018,188,105,129,11045,508.0,34.0,1.0,1.0
5577150313,2016-05-04,2754,1440,1211,130,56,43,5206,603.0,27.0,4.0,1.0
5577150313,2016-05-05,3005,1440,1182,112,80,66,7550,74.0,1.0,3.0,1.0
5577150313,2016-05-06,2643,1440,1291,43,53,53,4950,0.0,0.0,0.0,0.0
5577150313,2016-05-07,1820,1440,1440,0,0,0,0,0.0,0.0,0.0,0.0
5577150313,2016-05-08,1820,1440,1440,0,0,0,0,0.0,0.0,0.0,0.0
5577150313,2016-05-09,2489,1440,1313,42,49,36,3421,187.0,18.0,21.0,1.0
5577150313,2016-05-10,3841,1440,1065,109,133,133,8869,434.0,27.0,5.0,2.0
5577150313,2016-05-11,1650,720,590,50,35,45,3929,314.0,30.0,2.0,1.0
6117666160,2016-04-12,1497,1440,1440,0,0,0,0,0.0,0.0,0.0,0.0
6117666160,2016-04-13,1497,1440,1440,0,0,0,0,0.0,0.0,0.0,0.0
6117666160,2016-04-14,1497,1440,1440,0,0,0,0,0.0,0.0,0.0,0.0
6117666160,2016-04-15,2865,1440,921,299,220,0,14019,0.0,0.0,0.0,0.0
6117666160,2016-04-16,2828,1440,900,394,139,7,14450,380.0,17.0,1.0,1.0
6117666160,2016-04-17,2226,1440,1128,254,58,0,7150,409.0,17.0,0.0,3.0
6117666160,2016-04-18,2019,1440,1199,207,34,0,5153,426.0,10.0,4.0,3.0
6117666160,2016-04-19,2607,1440,960,384,95,1,11135,504.0,28.0,2.0,2.0
6117666160,2016-04-20,2536,1440,1055,301,58,26,10449,441.0,26.0,0.0,2.0
6117666160,2016-04-21,2367,1440,1116,211,102,11,9093,496.0,36.0,5.0,1.0
6117666160,2016-04-22,2410,1440,1038,347,54,1,8206,568.0,36.0,21.0,2.0
6117666160,2016-04-23,2650,1440,928,430,82,0,11495,422.0,24.0,14.0,1.0
6117666160,2016-04-24,2305,1440,1078,302,59,1,7623,353.0,13.0,1.0,1.0
6117666160,2016-04-25,1497,1440,1440,0,0,0,0,0.0,0.0,0.0,0.0
6117666160,2016-04-26,2450,1440,1081,237,121,1,9543,2.0,1.0,1.0,1.0
6117666160,2016-04-27,2577,1440,982,356,101,1,9411,546.0,19.0,0.0,2.0
6117666160,2016-04-28,1880,1440,1299,104,32,5,3403,501.0,33.0,7.0,2.0
6117666160,2016-04-29,2560,1440,979,372,89,0,9592,486.0,12.0,1.0,1.0
6117666160,2016-04-30,2276,1440,1097,298,43,2,6987,54.0,2.0,1.0,1.0
6117666160,2016-05-01,2361,1440,1043,337,58,2,8915,453.0,42.0,23.0,1.0
6117666160,2016-05-02,2042,1440,1205,176,59,0,4927,0.0,0.0,0.0,0.0
6117666160,2016-05-03,1497,1440,1440,0,0,0,0,0.0,0.0,0.0,0.0
6117666160,2016-05-04,1902,1440,1284,86,70,0,2997,5.0,0.0,0.0,1.0
6117666160,2016-05-05,2637,1440,953,391,96,0,9799,447.0,22.0,5.0,2.0
6117666160,2016-05-06,1837,1440,1307,113,13,7,3365,598.0,32.0,4.0,2.0
6117666160,2016-05-07,2469,1440,1028,321,91,0,7336,557.0,11.0,4.0,3.0
6117666160,2016-05-08,2251,1440,1122,249,69,0,7328,555.0,37.0,13.0,2.0
6117666160,2016-05-09,1085,720,565,137,18,0,3297,433.0,18.0,4.0,1.0
6290855005,2016-04-12,2560,1440,1241,181,18,0,4562,0.0,0.0,0.0,0.0
6290855005,2016-04-13,2905,1440,1090,337,13,0,7142,0.0,0.0,0.0,0.0
6290855005,2016-04-14,2952,1440,1077,339,24,0,7671,0.0,0.0,0.0,0.0
6290855005,2016-04-15,2896,1440,1112,289,39,0,9501,0.0,0.0,0.0,0.0
6290855005,2016-04-16,2784,1440,1182,219,35,4,8301,0.0,0.0,0.0,0.0
6290855005,2016-04-17,3172,1440,1172,212,25,31,7851,0.0,0.0,0.0,0.0
6290855005,2016-04-18,2766,1440,1169,247,24,0,6885,0.0,0.0,0.0,0.0
6290855005,2016-04-19,2839,1440,1119,306,15,0,7142,0.0,0.0,0.0,0.0
6290855005,2016-04-20,2701,1440,1182,241,17,0,6361,0.0,0.0,0.0,0.0
6290855005,2016-04-21,2061,1440,1440,0,0,0,0,0.0,0.0,0.0,0.0
6290855005,2016-04-22,2796,1440,1138,284,18,0,6238,0.0,0.0,0.0,0.0
6290855005,2016-04-23,2664,1440,1407,0,0,33,0,0.0,0.0,0.0,0.0
6290855005,2016-04-24,2704,1440,1182,242,16,0,5896,0.0,0.0,0.0,0.0
6290855005,2016-04-25,2772,1440,1180,225,26,9,7802,0.0,0.0,0.0,0.0
6290855005,2016-04-26,2061,1440,1440,0,0,0,0,0.0,0.0,0.0,0.0
6290855005,2016-04-27,2744,1440,1153,277,10,0,5565,0.0,0.0,0.0,0.0
6290855005,2016-04-28,2687,1440,1185,235,20,0,5731,0.0,0.0,0.0,0.0
6290855005,2016-04-29,2061,1440,1440,0,0,0,0,0.0,0.0,0.0,0.0
6290855005,2016-04-30,2844,1440,1116,313,11,0,6744,0.0,0.0,0.0,0.0
6290855005,2016-05-01,3327,1440,1055,277,100,8,9837,0.0,0.0,0.0,0.0
6290855005,2016-05-02,2725,1440,1172,249,19,0,6781,0.0,0.0,0.0,0.0
6290855005,2016-05-03,2671,1440,1200,224,16,0,6047,0.0,0.0,0.0,0.0
6290855005,2016-05-04,2719,1440,1168,264,8,0,5832,0.0,0.0,0.0,0.0
6290855005,2016-05-05,2683,1440,1201,216,23,0,6339,0.0,0.0,0.0,0.0
6290855005,2016-05-06,2807,1440,1135,284,21,0,6116,0.0,0.0,0.0,0.0
6290855005,2016-05-07,2614,1440,1213,220,7,0,5510,0.0,0.0,0.0,0.0
6290855005,2016-05-08,2712,1440,1189,235,16,0,7706,0.0,0.0,0.0,0.0
6290855005,2016-05-09,2094,1020,763,246,11,0,6118,0.0,0.0,0.0,0.0
6775888955,2016-04-12,1841,1440,1440,0,0,0,0,0.0,0.0,0.0,0.0
6775888955,2016-04-13,2401,1440,1292,79,52,17,4053,235.0,19.0,13.0,2.0
6775888955,2016-04-14,2508,1440,1272,74,78,16,5162,423.0,11.0,0.0,1.0
6775888955,2016-04-15,2128,1440,1366,34,38,2,1282,391.0,11.0,4.0,1.0
6775888955,2016-04-16,2225,1440,1375,2,27,36,4732,0.0,0.0,0.0,0.0
6775888955,2016-04-17,2067,1440,1388,9,38,5,2497,0.0,0.0,0.0,0.0
6775888955,2016-04-18,2798,1440,1212,76,118,34,8294,0.0,0.0,0.0,0.0
6775888955,2016-04-19,1841,1440,1440,0,0,0,0,0.0,0.0,0.0,0.0
6775888955,2016-04-20,3727,1440,981,148,235,76,10771,0.0,0.0,0.0,0.0
6775888955,2016-04-21,1841,1440,1440,0,0,0,0,0.0,0.0,0.0,0.0
6775888955,2016-04-22,1923,1440,1419,8,13,0,637,0.0,0.0,0.0,0.0
6775888955,2016-04-23,1841,1440,1440,0,0,0,0,0.0,0.0,0.0,0.0
6775888955,2016-04-24,2053,1440,1400,2,27,11,2153,0.0,0.0,0.0,0.0
6775888955,2016-04-25,2482,1440,1299,43,65,33,6463,0.0,0.0,0.0,0.0
6775888955,2016-04-26,2585,1440,1301,27,66,46,7091,0.0,0.0,0.0,0.0
6775888955,2016-04-27,1841,1440,1440,0,0,0,0,0.0,0.0,0.0,0.0
6775888955,2016-04-28,1993,1440,1408,5,23,4,703,0.0,0.0,0.0,0.0
6775888955,2016-04-29,1842,1440,1440,0,0,0,0,0.0,0.0,0.0,0.0
6775888955,2016-04-30,2280,1440,1329,49,55,7,2503,0.0,0.0,0.0,0.0
6775888955,2016-05-01,2320,1440,1309,51,70,10,2487,0.0,0.0,0.0,0.0
6775888955,2016-05-02,1841,1440,1440,0,0,0,0,0.0,0.0,0.0,0.0
6775888955,2016-05-03,1843,1440,1439,1,0,0,9,0.0,0.0,0.0,0.0
6775888955,2016-05-04,1841,1440,1440,0,0,0,0,0.0,0.0,0.0,0.0
6775888955,2016-05-05,1841,1440,1440,0,0,0,0,0.0,0.0,0.0,0.0
6775888955,2016-05-06,2496,1440,1280,62,73,25,4642,0.0,0.0,0.0,0.0
6775888955,2016-05-07,1011,600,538,23,37,2,1892,0.0,0.0,0.0,0.0
6962181067,2016-04-12,1995,1440,1187,162,41,50,10199,370.0,18.0,3.0,2.0
6962181067,2016-04-13,1718,1440,1266,116,50,8,5652,660.0,47.0,11.0,4.0
6962181067,2016-04-14,1466,1440,1354,77,7,2,1551,474.0,16.0,2.0,2.0
6962181067,2016-04-15,1757,1440,1223,154,62,1,5563,370.0,14.0,2.0,1.0
6962181067,2016-04-16,2173,1440,1107,193,86,54,13217,357.0,5.0,4.0,1.0
6962181067,2016-04-17,2028,1440,1127,201,99,13,10145,474.0,16.0,3.0,2.0
6962181067,2016-04-18,2040,1440,1147,167,111,15,11404,433.0,21.0,4.0,2.0
6962181067,2016-04-19,2046,1440,1169,131,105,35,10742,457.0,49.0,4.0,2.0
6962181067,2016-04-20,2174,1440,1091,213,88,48,13928,446.0,6.0,0.0,2.0
6962181067,2016-04-21,2180,1440,1146,141,100,53,11835,433.0,5.0,0.0,2.0
6962181067,2016-04-22,2087,1440,1137,179,94,30,10725,456.0,19.0,3.0,2.0
6962181067,2016-04-23,2571,1440,994,219,166,61,20031,468.0,4.0,0.0,1.0
6962181067,2016-04-24,1706,1440,1241,152,46,1,5029,515.0,5.0,1.0,2.0
6962181067,2016-04-25,2194,1440,1092,209,102,37,13239,440.0,12.0,3.0,2.0
6962181067,2016-04-26,2017,1440,1143,191,70,36,10433,454.0,8.0,1.0,2.0
6962181067,2016-04-27,2034,1440,1116,221,94,9,10320,413.0,6.0,0.0,2.0
6962181067,2016-04-28,2183,1440,1106,200,95,39,12627,466.0,17.0,2.0,2.0
6962181067,2016-04-29,2254,1440,1044,207,175,14,10762,392.0,7.0,0.0,1.0
6962181067,2016-04-30,2002,1440,1155,180,72,33,10081,422.0,2.0,0.0,1.0
6962181067,2016-05-01,1741,1440,1225,175,37,3,5454,484.0,16.0,3.0,2.0
6962181067,2016-05-02,2162,1440,1070,240,112,18,12912,399.0,11.0,5.0,2.0
6962181067,2016-05-03,2072,1440,1116,203,100,21,12109,440.0,18.0,4.0,2.0
6962181067,2016-05-04,2086,1440,1105,228,92,15,10147,408.0,12.0,2.0,2.0
6962181067,2016-05-05,2067,1440,1099,234,92,15,10524,476.0,26.0,6.0,2.0
6962181067,2016-05-06,1851,1440,1141,253,46,0,5908,416.0,8.0,0.0,1.0
6962181067,2016-05-07,1947,1440,1112,277,51,0,6815,329.0,27.0,11.0,2.0
6962181067,2016-05-08,1660,1440,1275,114,51,0,4188,534.0,26.0,6.0,2.0
6962181067,2016-05-09,2105,1440,1145,156,95,44,12342,536.0,2.0,0.0,2.0
6962181067,2016-05-10,2361,1440,1069,192,112,67,15448,425.0,16.0,2.0,2.0
6962181067,2016-05-11,1856,1440,1210,162,44,24,6722,476.0,23.0,2.0,2.0
6962181067,2016-05-12,927,720,607,66,46,1,3569,465.0,14.0,2.0,1.0
7007744171,2016-04-12,2938,1440,1015,212,155,58,14172,0.0,0.0,0.0,0.0
7007744171,2016-04-13,2743,1440,1095,169,120,56,12862,0.0,0.0,0.0,0.0
7007744171,2016-04-14,2669,1440,1085,169,152,34,11179,0.0,0.0,0.0,0.0
7007744171,2016-04-15,2099,1440,1238,139,60,3,5273,0.0,0.0,0.0,0.0
7007744171,2016-04-16,2076,1440,1237,149,52,2,4631,79.0,3.0,0.0,1.0
7007744171,2016-04-17,2384,1440,1131,170,139,0,8059,0.0,0.0,0.0,0.0
7007744171,2016-04-18,2832,1440,1071,173,147,49,14816,0.0,0.0,0.0,0.0
7007744171,2016-04-19,2811,1440,1063,194,128,55,14194,0.0,0.0,0.0,0.0
7007744171,2016-04-20,3096,1440,994,221,165,60,15566,0.0,0.0,0.0,0.0
7007744171,2016-04-21,2764,1440,1047,220,143,30,13744,0.0,0.0,0.0,0.0
7007744171,2016-04-22,2890,1440,1060,170,143,67,15299,0.0,0.0,0.0,0.0
7007744171,2016-04-23,2285,1440,1189,131,117,3,8093,0.0,0.0,0.0,0.0
7007744171,2016-04-24,2667,1440,1016,261,163,0,11085,0.0,0.0,0.0,0.0
7007744171,2016-04-25,3055,1440,979,191,219,51,18229,0.0,0.0,0.0,0.0
7007744171,2016-04-26,2940,1440,975,259,183,23,15090,0.0,0.0,0.0,0.0
7007744171,2016-04-27,2830,1440,1033,200,157,50,13541,0.0,0.0,0.0,0.0
7007744171,2016-04-28,2837,1440,1006,235,177,22,15128,0.0,0.0,0.0,0.0
7007744171,2016-04-29,3181,1440,952,230,195,63,20067,0.0,0.0,0.0,0.0
7007744171,2016-04-30,2051,1440,1237,158,45,0,3761,0.0,0.0,0.0,0.0
7007744171,2016-05-01,2226,1440,1196,145,98,1,5600,58.0,3.0,0.0,1.0
7007744171,2016-05-02,2642,1440,1109,180,87,64,13041,0.0,0.0,0.0,0.0
7007744171,2016-05-03,2976,1440,1009,189,183,59,14510,0.0,0.0,0.0,0.0
7007744171,2016-05-04,1557,1440,1440,0,0,0,0,0.0,0.0,0.0,0.0
7007744171,2016-05-05,2934,1440,1031,169,187,53,15010,0.0,0.0,0.0,0.0
7007744171,2016-05-06,2554,1440,1133,167,94,46,11459,0.0,0.0,0.0,0.0
7007744171,2016-05-07,65,60,60,0,0,0,0,0.0,0.0,0.0,0.0
7086361926,2016-04-12,2772,1440,1197,107,66,70,11309,463.0,10.0,3.0,2.0
7086361926,2016-04-13,2516,1440,1223,76,101,40,5813,474.0,10.0,0.0,2.0
7086361926,2016-04-14,2727,1440,1176,112,102,50,8998,396.0,1.0,0.0,1.0
7086361926,2016-04-15,2395,1440,1247,93,65,35,8585,377.0,8.0,1.0,1.0
7086361926,2016-04-16,1635,1440,1437,3,0,0,31,0.0,0.0,0.0,0.0
7086361926,2016-04-17,1630,1440,1440,0,0,0,0,0.0,0.0,0.0,0.0
7086361926,2016-04-18,2744,1440,1199,78,101,62,9827,71.0,7.0,0.0,1.0
7086361926,2016-04-19,2944,1440,1167,66,133,74,10688,499.0,10.0,0.0,2.0
7086361926,2016-04-20,2997,1440,1187,89,72,92,14365,394.0,4.0,0.0,1.0
7086361926,2016-04-21,2464,1440,1201,132,76,31,9469,416.0,21.0,14.0,2.0
7086361926,2016-04-22,2844,1440,1159,108,112,61,9733,402.0,6.0,0.0,1.0
7086361926,2016-04-23,1964,1440,1350,63,22,5,2811,0.0,0.0,0.0,0.0
7086361926,2016-04-24,2049,1440,1310,85,37,8,3520,726.0,23.0,0.0,2.0
7086361926,2016-04-25,2752,1440,1189,90,89,72,10091,490.0,7.0,0.0,2.0
7086361926,2016-04-26,2780,1440,1181,94,90,75,10378,465.0,14.0,0.0,2.0
7086361926,2016-04-27,2693,1440,1223,98,59,60,11107,400.0,5.0,0.0,1.0
7086361926,2016-04-28,2860,1440,1169,83,124,64,11575,354.0,9.0,4.0,1.0
7086361926,2016-04-29,2614,1440,1192,112,96,40,7881,0.0,0.0,0.0,0.0
7086361926,2016-04-30,2996,1440,1059,208,124,49,14560,485.0,2.0,2.0,1.0
7086361926,2016-05-01,2729,1440,1134,163,105,38,12375,423.0,19.0,10.0,2.0
7086361926,2016-05-02,2754,1440,1191,89,89,71,10052,461.0,11.0,0.0,2.0
7086361926,2016-05-03,2754,1440,1183,100,92,65,10288,428.0,6.0,0.0,2.0
7086361926,2016-05-04,2655,1440,1239,84,60,57,10988,392.0,13.0,0.0,1.0
7086361926,2016-05-05,2379,1440,1252,95,62,31,8525,0.0,0.0,0.0,0.0
7086361926,2016-05-06,2924,1440,1152,88,110,90,12461,322.0,10.0,1.0,1.0
7086361926,2016-05-07,2740,1440,1158,116,123,43,12827,530.0,17.0,1.0,1.0
7086361926,2016-05-08,2534,1440,1230,77,95,38,10677,509.0,21.0,9.0,2.0
7086361926,2016-05-09,2959,1440,1130,105,131,74,13558,399.0,10.0,0.0,1.0
7086361926,2016-05-10,2795,1440,1222,72,72,74,14407,56.0,1.0,0.0,1.0
7086361926,2016-05-11,2735,1440,1203,81,91,65,9572,440.0,16.0,1.0,2.0
7086361926,2016-05-12,995,780,748,21,10,1,1032,399.0,7.0,0.0,1.0
8053475328,2016-04-12,3186,1440,1193,108,23,116,18060,0.0,0.0,0.0,0.0
8053475328,2016-04-13,3141,1440,1177,135,32,96,16433,0.0,0.0,0.0,0.0
8053475328,2016-04-14,3408,1440,1123,156,42,119,20089,0.0,0.0,0.0,0.0
8053475328,2016-04-15,3411,1440,1142,137,29,132,20669,0.0,0.0,0.0,0.0
8053475328,2016-04-16,2868,1440,1255,68,21,96,14549,0.0,0.0,0.0,0.0
8053475328,2016-04-17,3213,1440,1113,155,60,112,18827,0.0,0.0,0.0,0.0
8053475328,2016-04-18,3133,1440,1137,162,39,102,17076,0.0,0.0,0.0,0.0
8053475328,2016-04-19,3115,1440,1152,171,27,90,15929,0.0,0.0,0.0,0.0
8053475328,2016-04-20,3044,1440,1188,140,23,89,15108,486.0,4.0,3.0,1.0
8053475328,2016-04-21,3101,1440,1164,155,21,100,16049,0.0,0.0,0.0,0.0
8053475328,2016-04-22,2655,1440,1260,99,21,60,10520,0.0,0.0,0.0,0.0
8053475328,2016-04-23,3555,1440,1078,177,60,125,22359,331.0,1.0,5.0,1.0
8053475328,2016-04-24,3577,1440,1096,151,64,129,22988,0.0,0.0,0.0,0.0
8053475328,2016-04-25,3404,1440,1104,167,51,118,20500,0.0,0.0,0.0,0.0
8053475328,2016-04-26,2845,1440,1182,157,33,68,12685,0.0,0.0,0.0,0.0
8053475328,2016-04-27,2853,1440,1187,155,38,60,12422,0.0,0.0,0.0,0.0
8053475328,2016-04-28,3062,1440,1188,133,29,90,15447,0.0,0.0,0.0,0.0
8053475328,2016-04-29,2795,1440,1215,113,52,60,12315,0.0,0.0,0.0,0.0
8053475328,2016-04-30,2409,1440,1281,96,34,29,7135,0.0,0.0,0.0,0.0
8053475328,2016-05-01,1886,1440,1389,41,10,0,1170,0.0,0.0,0.0,0.0
8053475328,2016-05-02,1988,1440,1345,83,12,0,1969,0.0,0.0,0.0,0.0
8053475328,2016-05-03,3023,1440,1166,146,41,87,15484,0.0,0.0,0.0,0.0
8053475328,2016-05-04,2917,1440,1220,105,26,89,14563,0.0,0.0,0.0,0.0
8053475328,2016-05-05,2950,1440,1208,114,25,93,14990,0.0,0.0,0.0,0.0
8053475328,2016-05-06,2859,1440,1245,83,22,90,13953,0.0,0.0,0.0,0.0
8053475328,2016-05-07,3331,1440,1151,128,40,121,19769,74.0,0.0,1.0,1.0
8053475328,2016-05-08,3589,1440,1073,201,41,125,22026,0.0,0.0,0.0,0.0
8053475328,2016-05-09,2765,1440,1214,123,37,66,12465,0.0,0.0,0.0,0.0
8053475328,2016-05-10,2926,1440,1219,100,25,96,14810,0.0,0.0,0.0,0.0
8053475328,2016-05-11,2809,1440,1189,159,32,60,12209,0.0,0.0,0.0,0.0
8053475328,2016-05-12,1485,900,830,32,10,28,4895,0.0,0.0,0.0,0.0
8253242879,2016-04-12,2044,1440,1244,134,22,40,9033,0.0,0.0,0.0,0.0
8253242879,2016-04-13,1935,1440,1298,84,23,35,8053,0.0,0.0,0.0,0.0
8253242879,2016-04-14,1706,1440,1362,30,19,29,5234,0.0,0.0,0.0,0.0
8253242879,2016-04-15,1632,1440,1335,91,12,2,2672,0.0,0.0,0.0,0.0
8253242879,2016-04-16,1881,1440,1268,90,73,9,9256,0.0,0.0,0.0,0.0
8253242879,2016-04-17,2112,1440,1237,123,38,42,10204,0.0,0.0,0.0,0.0
8253242879,2016-04-18,1829,1440,1278,115,31,16,5151,0.0,0.0,0.0,0.0
8253242879,2016-04-19,1764,1440,1276,123,39,2,4212,0.0,0.0,0.0,0.0
8253242879,2016-04-20,1931,1440,1201,176,57,6,6466,0.0,0.0,0.0,0.0
8253242879,2016-04-21,2218,1440,1199,151,40,50,11268,0.0,0.0,0.0,0.0
8253242879,2016-04-22,1651,1440,1320,104,16,0,2824,0.0,0.0,0.0,0.0
8253242879,2016-04-23,2133,1440,1193,149,60,38,9282,0.0,0.0,0.0,0.0
8253242879,2016-04-24,1976,1440,1313,59,26,42,8905,0.0,0.0,0.0,0.0
8253242879,2016-04-25,1909,1440,1261,92,79,8,6829,0.0,0.0,0.0,0.0
8253242879,2016-04-26,1813,1440,1299,89,33,19,4562,0.0,0.0,0.0,0.0
8253242879,2016-04-27,2008,1440,1286,77,29,48,10232,0.0,0.0,0.0,0.0
8253242879,2016-04-28,1580,1440,1393,18,18,11,2718,0.0,0.0,0.0,0.0
8253242879,2016-04-29,1787,1380,1224,93,45,18,5937,0.0,0.0,0.0,0.0
8378563200,2016-04-12,3635,1440,1204,97,56,83,7626,446.0,33.0,2.0,2.0
8378563200,2016-04-13,4080,1440,1141,118,50,131,12386,437.0,20.0,4.0,3.0
8378563200,2016-04-14,4163,1440,1122,126,58,134,13318,399.0,19.0,5.0,2.0
8378563200,2016-04-15,3656,1440,1167,124,69,80,14461,418.0,17.0,3.0,2.0
8378563200,2016-04-16,3363,1440,1213,123,40,64,11196,566.0,74.0,10.0,3.0
8378563200,2016-04-17,2572,1440,1347,75,18,0,2132,655.0,85.0,8.0,3.0
8378563200,2016-04-18,4158,1440,1139,107,58,136,13630,381.0,34.0,4.0,2.0
8378563200,2016-04-19,4092,1440,1147,101,58,134,13070,384.0,21.0,5.0,2.0
8378563200,2016-04-20,3787,1440,1181,107,54,98,9388,396.0,21.0,1.0,2.0
8378563200,2016-04-21,4236,1440,1142,84,64,150,15148,449.0,12.0,4.0,2.0
8378563200,2016-04-22,4045,1440,1156,109,45,130,12200,356.0,27.0,4.0,2.0
8378563200,2016-04-23,2909,1440,1275,112,34,19,5709,508.0,21.0,6.0,2.0
8378563200,2016-04-24,2741,1440,1305,100,30,5,3703,533.0,32.0,6.0,2.0
8378563200,2016-04-25,4005,1440,1166,96,49,129,12405,454.0,19.0,0.0,2.0
8378563200,2016-04-26,3763,1440,1171,109,55,105,16208,522.0,42.0,14.0,2.0
8378563200,2016-04-27,3062,1440,1240,123,62,15,7359,522.0,37.0,5.0,2.0
8378563200,2016-04-28,2885,1440,1280,104,44,12,5417,518.0,46.0,5.0,2.0
8378563200,2016-04-29,2983,1440,1258,115,57,10,6147,469.0,19.0,3.0,2.0
8378563200,2016-04-30,2660,1440,1319,92,28,1,2946,434.0,84.0,21.0,2.0
8378563200,2016-05-01,3370,1440,1232,106,31,71,11419,508.0,43.0,11.0,2.0
8378563200,2016-05-02,3491,1440,1231,90,46,73,6064,406.0,23.0,0.0,2.0
8378563200,2016-05-03,3785,1440,1154,144,67,75,8712,301.0,26.0,5.0,2.0
8378563200,2016-05-04,3110,1440,1244,117,54,25,7875,524.0,28.0,12.0,2.0
8378563200,2016-05-05,3784,1440,1157,141,57,85,8567,349.0,33.0,11.0,2.0
8378563200,2016-05-06,3645,1440,1195,115,53,77,7045,339.0,21.0,4.0,2.0
8378563200,2016-05-07,2799,1440,1282,120,34,4,4468,382.0,35.0,14.0,3.0
8378563200,2016-05-08,2686,1440,1301,122,17,0,2943,627.0,45.0,8.0,2.0
8378563200,2016-05-09,3722,1440,1185,110,67,78,8382,370.0,30.0,12.0,2.0
8378563200,2016-05-10,3587,1440,1212,107,46,75,6582,348.0,22.0,1.0,2.0
8378563200,2016-05-11,3788,1440,1174,118,59,89,9143,387.0,19.0,4.0,2.0
8378563200,2016-05-12,1607,780,689,48,32,11,3574,361.0,31.0,3.0,1.0
8583815059,2016-04-12,2650,1440,1237,164,38,1,5014,0.0,0.0,0.0,0.0
8583815059,2016-04-13,2654,1440,1252,131,54,3,5571,0.0,0.0,0.0,0.0
8583815059,2016-04-14,2442,1440,1306,113,21,0,3118,0.0,0.0,0.0,0.0
8583815059,2016-04-15,2208,1440,1375,61,4,0,1158,0.0,0.0,0.0,0.0
8583815059,2016-04-16,2020,1440,1440,0,0,0,0,0.0,0.0,0.0,0.0
8583815059,2016-04-17,2020,1440,1440,0,0,0,0,0.0,0.0,0.0,0.0
8583815059,2016-04-18,2499,1440,1309,97,30,4,3481,0.0,0.0,0.0,0.0
8583815059,2016-04-19,2669,1440,1257,125,50,8,5697,0.0,0.0,0.0,0.0
8583815059,2016-04-20,2648,1440,1246,144,50,0,5273,0.0,0.0,0.0,0.0
8583815059,2016-04-21,2883,1440,1229,130,45,36,8538,0.0,0.0,0.0,0.0
8583815059,2016-04-22,2944,1440,1170,170,95,5,8687,0.0,0.0,0.0,0.0
8583815059,2016-04-23,3011,1440,1151,187,95,7,9381,0.0,0.0,0.0,0.0
8583815059,2016-04-24,2889,1440,1188,159,91,2,8286,0.0,0.0,0.0,0.0
8583815059,2016-04-25,2548,1440,1294,112,16,18,4503,0.0,0.0,0.0,0.0
8583815059,2016-04-26,3094,1440,1134,185,119,2,10499,0.0,0.0,0.0,0.0
8583815059,2016-04-27,3143,1440,1229,101,26,84,12474,0.0,0.0,0.0,0.0
8583815059,2016-04-28,2757,1440,1209,176,52,3,6174,0.0,0.0,0.0,0.0
8583815059,2016-04-29,3510,1440,1069,204,120,47,15156,0.0,0.0,0.0,0.0
8583815059,2016-04-30,3165,1440,1093,250,89,8,10085,0.0,0.0,0.0,0.0
8583815059,2016-05-01,2463,1440,1311,97,22,10,3773,0.0,0.0,0.0,0.0
8583815059,2016-05-02,2020,1440,1440,0,0,0,0,0.0,0.0,0.0,0.0
8583815059,2016-05-03,2020,1440,1440,0,0,0,0,0.0,0.0,0.0,0.0
8583815059,2016-05-04,2020,1440,1440,0,0,0,0,0.0,0.0,0.0,0.0
8583815059,2016-05-05,2234,1440,1370,60,9,1,1507,0.0,0.0,0.0,0.0
8583815059,2016-05-06,2683,1440,1250,135,52,3,5843,0.0,0.0,0.0,0.0
8583815059,2016-05-07,2811,1440,1190,208,37,5,6117,0.0,0.0,0.0,0.0
8583815059,2016-05-08,2940,1440,1183,146,106,5,9217,0.0,0.0,0.0,0.0
8583815059,2016-05-09,2940,1440,1260,98,16,66,9834,0.0,0.0,0.0,0.0
8583815059,2016-05-10,2842,1440,1226,128,70,16,8217,0.0,0.0,0.0,0.0
8583815059,2016-05-11,2731,1320,1074,145,96,5,8597,0.0,0.0,0.0,0.0
8792009665,2016-04-12,2044,1440,1323,81,35,1,2556,458.0,32.0,3.0,1.0
8792009665,2016-04-13,1935,1440,1357,69,14,0,1320,531.0,18.0,3.0,1.0
8792009665,2016-04-14,1963,1440,1352,59,27,2,1219,486.0,17.0,0.0,1.0
8792009665,2016-04-15,2010,1440,1312,111,17,0,2483,363.0,13.0,1.0,1.0
8792009665,2016-04-16,1721,1440,1428,11,1,0,244,0.0,0.0,0.0,0.0
8792009665,2016-04-17,1689,1440,1440,0,0,0,0,0.0,0.0,0.0,0.0
8792009665,2016-04-18,1689,1440,1440,0,0,0,0,0.0,0.0,0.0,0.0
8792009665,2016-04-19,1689,1440,1440,0,0,0,0,0.0,0.0,0.0,0.0
8792009665,2016-04-20,2189,1440,1283,97,59,1,3147,528.0,15.0,4.0,1.0
8792009665,2016-04-21,1721,1440,1430,4,6,0,144,0.0,0.0,0.0,0.0
8792009665,2016-04-22,2420,1440,1201,137,96,6,4068,391.0,12.0,4.0,1.0
8792009665,2016-04-23,2748,1440,1127,148,155,10,5245,339.0,20.0,1.0,1.0
8792009665,2016-04-24,1800,1440,1407,16,14,3,400,0.0,0.0,0.0,0.0
8792009665,2016-04-25,1689,1440,1440,0,0,0,0,0.0,0.0,0.0,0.0
8792009665,2016-04-26,1928,1440,1345,82,13,0,1321,0.0,0.0,0.0,0.0
8792009665,2016-04-27,2066,1440,1313,89,33,5,1758,423.0,5.0,0.0,1.0
8792009665,2016-04-28,2780,1440,1095,191,140,14,6157,402.0,11.0,3.0,1.0
8792009665,2016-04-29,3102,1440,1000,205,225,10,8360,398.0,6.0,2.0,1.0
8792009665,2016-04-30,2897,1440,1074,197,153,16,7174,343.0,15.0,2.0,1.0
8792009665,2016-05-01,1963,1440,1352,60,27,1,1619,503.0,24.0,0.0,1.0
8792009665,2016-05-02,2014,1440,1334,82,22,2,1831,415.0,8.0,0.0,1.0
8792009665,2016-05-03,2298,1440,1253,122,60,5,2421,516.0,27.0,2.0,1.0
8792009665,2016-05-04,2067,1440,1303,111,25,1,2283,439.0,22.0,2.0,1.0
8792009665,2016-05-05,1689,1440,1440,0,0,0,0,0.0,0.0,0.0,0.0
8792009665,2016-05-06,1689,1440,1440,0,0,0,0,0.0,0.0,0.0,0.0
8792009665,2016-05-07,1689,1440,1440,0,0,0,0,0.0,0.0,0.0,0.0
8792009665,2016-05-08,1689,1440,1440,0,0,0,0,0.0,0.0,0.0,0.0
8792009665,2016-05-09,1689,1440,1440,0,0,0,0,0.0,0.0,0.0,0.0
8877689391,2016-04-12,3921,1440,1020,166,158,96,23186,0.0,0.0,0.0,0.0
8877689391,2016-04-13,3566,1440,1091,140,86,123,15337,0.0,0.0,0.0,0.0
8877689391,2016-04-14,3789,1440,1030,180,144,86,21071,0.0,0.0,0.0,0.0
8877689391,2016-04-15,3919,1440,1029,167,121,123,13375,0.0,0.0,0.0,0.0
8877689391,2016-04-16,4538,1440,853,223,261,103,29204,0.0,0.0,0.0,0.0
8877689391,2016-04-17,3541,1440,1051,145,166,78,15118,0.0,0.0,0.0,0.0
8877689391,2016-04-18,2759,1440,1213,104,74,49,11409,0.0,0.0,0.0,0.0
8877689391,2016-04-19,3671,1440,1095,160,88,97,18748,0.0,0.0,0.0,0.0
8877689391,2016-04-20,3673,1440,1097,134,112,97,19881,0.0,0.0,0.0,0.0
8877689391,2016-04-21,3659,1440,1086,160,104,90,19377,0.0,0.0,0.0,0.0
8877689391,2016-04-22,3413,1440,1117,160,80,83,18225,0.0,0.0,0.0,0.0
8877689391,2016-04-23,3889,1440,994,175,157,114,11191,0.0,0.0,0.0,0.0
8877689391,2016-04-24,3453,1440,1118,166,87,69,16660,0.0,0.0,0.0,0.0
8877689391,2016-04-25,3799,1440,1080,128,94,138,12957,0.0,0.0,0.0,0.0
8877689391,2016-04-26,2855,1440,1151,162,91,36,11070,0.0,0.0,0.0,0.0
8877689391,2016-04-27,3804,1440,1089,119,111,121,23603,0.0,0.0,0.0,0.0
8877689391,2016-04-28,3059,1440,1135,141,92,72,14885,0.0,0.0,0.0,0.0
8877689391,2016-04-29,2695,1440,1203,135,67,35,9700,0.0,0.0,0.0,0.0
8877689391,2016-04-30,4393,1440,1030,169,113,128,27710,0.0,0.0,0.0,0.0
8877689391,2016-05-01,2783,1440,1219,90,81,50,10890,0.0,0.0,0.0,0.0
8877689391,2016-05-02,2184,1440,1330,65,27,18,4699,0.0,0.0,0.0,0.0
8877689391,2016-05-03,2813,1440,1181,130,85,44,10791,0.0,0.0,0.0,0.0
8877689391,2016-05-04,3472,1440,1132,141,93,74,18165,0.0,0.0,0.0,0.0
8877689391,2016-05-05,3048,1440,1151,139,74,76,14055,0.0,0.0,0.0,0.0
8877689391,2016-05-06,4003,1440,981,184,153,122,21622,0.0,0.0,0.0,0.0
8877689391,2016-05-07,4128,1440,996,138,183,123,12212,0.0,0.0,0.0,0.0
8877689391,2016-05-08,2844,1440,1169,139,93,39,10665,0.0,0.0,0.0,0.0
8877689391,2016-05-09,3700,1440,1080,148,117,95,20156,0.0,0.0,0.0,0.0
8877689391,2016-05-10,2830,1440,1179,136,85,40,10693,0.0,0.0,0.0,0.0
8877689391,2016-05-11,3828,1440,1083,137,114,106,21391,0.0,0.0,0.0,0.0
8877689391,2016-05-12,1658,840,693,60,52,35,7120,0.0,0.0,0.0,0.0
